config,strategy,model,version,ev_id,arrival_time,charge_start_time,wait_time,soc_before_charging,config_num
Configuration 1,Uncoordinated,Configuration 1 - Uncoordinated Charging,balanced,0,2022-02-21 18:00:00,2022-02-21 18:00:00,0.0,88.93288733089723,1
Configuration 1,Uncoordinated,Configuration 1 - Uncoordinated Charging,balanced,0,2022-02-22 16:00:00,2022-02-22 16:00:00,0.0,91.44923498128307,1
Configuration 1,Uncoordinated,Configuration 1 - Uncoordinated Charging,balanced,0,2022-02-23 16:00:00,2022-02-23 16:00:00,0.0,93.64424124426903,1
Configuration 1,Uncoordinated,Configuration 1 - Uncoordinated Charging,balanced,0,2022-02-24 16:15:00,2022-02-24 16:15:00,0.0,94.40819584935969,1
Configuration 1,Uncoordinated,Configuration 1 - Uncoordinated Charging,balanced,0,2022-02-25 15:45:00,2022-02-25 15:45:00,0.0,88.51849502467655,1
Configuration 1,Uncoordinated,Configuration 1 - Uncoordinated Charging,balanced,0,2022-02-26 12:30:00,2022-02-26 12:30:00,0.0,87.60639207311286,1
Configuration 1,Uncoordinated,Configuration 1 - Uncoordinated Charging,balanced,0,2022-02-26 22:15:00,2022-02-26 22:15:00,0.0,89.72600075354478,1
Configuration 1,Uncoordinated,Configuration 1 - Uncoordinated Charging,balanced,0,2022-02-27 14:00:00,2022-02-27 14:00:00,0.0,89.06181025297364,1
Configuration 1,Uncoordinated,Configuration 1 - Uncoordinated Charging,balanced,1,2022-02-21 18:30:00,2022-02-21 18:30:00,0.0,57.10660394539842,1
Configuration 1,Uncoordinated,Configuration 1 - Uncoordinated Charging,balanced,1,2022-02-22 18:15:00,2022-02-22 18:15:00,0.0,76.6068948534815,1
Configuration 1,Uncoordinated,Configuration 1 - Uncoordinated Charging,balanced,1,2022-02-23 18:00:00,2022-02-23 18:00:00,0.0,91.42007607378562,1
Configuration 1,Uncoordinated,Configuration 1 - Uncoordinated Charging,balanced,1,2022-02-24 17:15:00,2022-02-24 17:15:00,0.0,85.55142152210337,1
Configuration 1,Uncoordinated,Configuration 1 - Uncoordinated Charging,balanced,1,2022-02-25 16:15:00,2022-02-25 16:15:00,0.0,90.17574106882176,1
Configuration 1,Uncoordinated,Configuration 1 - Uncoordinated Charging,balanced,1,2022-02-26 14:00:00,2022-02-26 14:00:00,0.0,89.52808367309683,1
Configuration 1,Uncoordinated,Configuration 1 - Uncoordinated Charging,balanced,1,2022-02-27 16:45:00,2022-02-27 16:45:00,0.0,87.04765645899968,1
Configuration 1,Uncoordinated,Configuration 1 - Uncoordinated Charging,balanced,2,2022-02-21 20:15:00,2022-02-21 20:15:00,0.0,62.15886842322197,1
Configuration 1,Uncoordinated,Configuration 1 - Uncoordinated Charging,balanced,2,2022-02-22 19:15:00,2022-02-22 19:15:00,0.0,83.75318444176783,1
Configuration 1,Uncoordinated,Configuration 1 - Uncoordinated Charging,balanced,2,2022-02-23 19:00:00,2022-02-23 19:00:00,0.0,86.35746132038032,1
Configuration 1,Uncoordinated,Configuration 1 - Uncoordinated Charging,balanced,2,2022-02-24 23:45:00,2022-02-24 23:45:00,0.0,91.50242402754995,1
Configuration 1,Uncoordinated,Configuration 1 - Uncoordinated Charging,balanced,2,2022-02-25 19:00:00,2022-02-25 19:00:00,0.0,80.73018419535228,1
Configuration 1,Uncoordinated,Configuration 1 - Uncoordinated Charging,balanced,2,2022-02-26 16:45:00,2022-02-26 16:45:00,0.0,87.01744100659853,1
Configuration 1,Uncoordinated,Configuration 1 - Uncoordinated Charging,balanced,2,2022-02-27 18:45:00,2022-02-27 18:45:00,0.0,90.47605689909916,1
Configuration 1,Uncoordinated,Configuration 1 - Uncoordinated Charging,balanced,3,2022-02-21 18:30:00,2022-02-21 18:30:00,0.0,80.58204687921587,1
Configuration 1,Uncoordinated,Configuration 1 - Uncoordinated Charging,balanced,3,2022-02-22 15:00:00,2022-02-22 15:00:00,0.0,88.66825179837761,1
Configuration 1,Uncoordinated,Configuration 1 - Uncoordinated Charging,balanced,3,2022-02-23 21:30:00,2022-02-23 21:30:00,0.0,84.53390879068508,1
Configuration 1,Uncoordinated,Configuration 1 - Uncoordinated Charging,balanced,3,2022-02-24 14:30:00,2022-02-24 14:30:00,0.0,86.22373569049269,1
Configuration 1,Uncoordinated,Configuration 1 - Uncoordinated Charging,balanced,3,2022-02-25 18:15:00,2022-02-25 18:15:00,0.0,90.2533081577813,1
Configuration 1,Uncoordinated,Configuration 1 - Uncoordinated Charging,balanced,3,2022-02-26 18:45:00,2022-02-26 18:45:00,0.0,87.21803785406307,1
Configuration 1,Uncoordinated,Configuration 1 - Uncoordinated Charging,balanced,3,2022-02-27 13:00:00,2022-02-27 13:00:00,0.0,86.91146663674705,1
Configuration 1,Uncoordinated,Configuration 1 - Uncoordinated Charging,balanced,3,2022-02-27 16:15:00,2022-02-27 16:15:00,0.0,89.4061653812824,1
Configuration 1,Uncoordinated,Configuration 1 - Uncoordinated Charging,balanced,3,2022-02-27 23:45:00,2022-02-27 23:45:00,0.0,85.11450846540598,1
Configuration 1,Uncoordinated,Configuration 1 - Uncoordinated Charging,balanced,4,2022-02-21 18:15:00,2022-02-21 18:15:00,0.0,34.908654323927564,1
Configuration 1,Uncoordinated,Configuration 1 - Uncoordinated Charging,balanced,4,2022-02-22 15:45:00,2022-02-22 15:45:00,0.0,69.97739300146141,1
Configuration 1,Uncoordinated,Configuration 1 - Uncoordinated Charging,balanced,4,2022-02-23 15:15:00,2022-02-23 15:15:00,0.0,81.9594257040318,1
Configuration 1,Uncoordinated,Configuration 1 - Uncoordinated Charging,balanced,4,2022-02-24 16:30:00,2022-02-24 16:30:00,0.0,90.69630071658887,1
Configuration 1,Uncoordinated,Configuration 1 - Uncoordinated Charging,balanced,4,2022-02-25 07:30:00,2022-02-25 07:30:00,0.0,86.3761387891721,1
Configuration 1,Uncoordinated,Configuration 1 - Uncoordinated Charging,balanced,4,2022-02-26 13:00:00,2022-02-26 13:00:00,0.0,87.89333582206164,1
Configuration 1,Uncoordinated,Configuration 1 - Uncoordinated Charging,balanced,4,2022-02-26 16:15:00,2022-02-26 16:15:00,0.0,84.88777281760837,1
Configuration 1,Uncoordinated,Configuration 1 - Uncoordinated Charging,balanced,4,2022-02-26 23:45:00,2022-02-26 23:45:00,0.0,86.790671287448,1
Configuration 1,Uncoordinated,Configuration 1 - Uncoordinated Charging,balanced,4,2022-02-27 16:00:00,2022-02-27 16:00:00,0.0,83.34324137196188,1
Configuration 1,Uncoordinated,Configuration 1 - Uncoordinated Charging,balanced,4,2022-02-27 22:00:00,2022-02-27 22:00:00,0.0,76.33970455493238,1
Configuration 1,Uncoordinated,Configuration 1 - Uncoordinated Charging,balanced,5,2022-02-21 21:15:00,2022-02-21 21:15:00,0.0,29.69871601898422,1
Configuration 1,Uncoordinated,Configuration 1 - Uncoordinated Charging,balanced,5,2022-02-22 17:00:00,2022-02-22 17:00:00,0.0,50.46929239218716,1
Configuration 1,Uncoordinated,Configuration 1 - Uncoordinated Charging,balanced,5,2022-02-23 18:00:00,2022-02-23 18:00:00,0.0,84.44930467089146,1
Configuration 1,Uncoordinated,Configuration 1 - Uncoordinated Charging,balanced,5,2022-02-24 17:30:00,2022-02-24 17:30:00,0.0,86.31386421965927,1
Configuration 1,Uncoordinated,Configuration 1 - Uncoordinated Charging,balanced,5,2022-02-25 17:15:00,2022-02-25 17:15:00,0.0,89.53048700424524,1
Configuration 1,Uncoordinated,Configuration 1 - Uncoordinated Charging,balanced,5,2022-02-26 16:00:00,2022-02-26 16:00:00,0.0,85.48346994351198,1
Configuration 1,Uncoordinated,Configuration 1 - Uncoordinated Charging,balanced,5,2022-02-26 22:00:00,2022-02-26 22:00:00,0.0,78.17320384401567,1
Configuration 1,Uncoordinated,Configuration 1 - Uncoordinated Charging,balanced,5,2022-02-27 13:30:00,2022-02-27 13:30:00,0.0,89.79166253474646,1
Configuration 1,Uncoordinated,Configuration 1 - Uncoordinated Charging,balanced,6,2022-02-21 19:00:00,2022-02-21 19:00:00,0.0,46.13158297036774,1
Configuration 1,Uncoordinated,Configuration 1 - Uncoordinated Charging,balanced,6,2022-02-22 17:30:00,2022-02-22 17:30:00,0.0,72.6857561150739,1
Configuration 1,Uncoordinated,Configuration 1 - Uncoordinated Charging,balanced,6,2022-02-23 17:30:00,2022-02-23 17:30:00,0.0,85.59976641651771,1
Configuration 1,Uncoordinated,Configuration 1 - Uncoordinated Charging,balanced,6,2022-02-24 17:30:00,2022-02-24 17:30:00,0.0,85.5554514926014,1
Configuration 1,Uncoordinated,Configuration 1 - Uncoordinated Charging,balanced,6,2022-02-25 18:15:00,2022-02-25 18:15:00,0.0,77.6552282351992,1
Configuration 1,Uncoordinated,Configuration 1 - Uncoordinated Charging,balanced,6,2022-02-26 13:30:00,2022-02-26 13:30:00,0.0,83.52110309530222,1
Configuration 1,Uncoordinated,Configuration 1 - Uncoordinated Charging,balanced,6,2022-02-27 13:15:00,2022-02-27 13:15:00,0.0,83.17319496387084,1
Configuration 1,Uncoordinated,Configuration 1 - Uncoordinated Charging,balanced,6,2022-02-27 16:00:00,2022-02-27 16:00:00,0.0,80.21027381588758,1
Configuration 1,Uncoordinated,Configuration 1 - Uncoordinated Charging,balanced,7,2022-02-21 17:15:00,2022-02-21 17:15:00,0.0,83.11463041720928,1
Configuration 1,Uncoordinated,Configuration 1 - Uncoordinated Charging,balanced,7,2022-02-22 16:30:00,2022-02-22 16:30:00,0.0,80.10846189177163,1
Configuration 1,Uncoordinated,Configuration 1 - Uncoordinated Charging,balanced,7,2022-02-23 18:00:00,2022-02-23 18:00:00,0.0,81.72157612501655,1
Configuration 1,Uncoordinated,Configuration 1 - Uncoordinated Charging,balanced,7,2022-02-24 16:15:00,2022-02-24 16:15:00,0.0,86.52293216379412,1
Configuration 1,Uncoordinated,Configuration 1 - Uncoordinated Charging,balanced,7,2022-02-25 16:15:00,2022-02-25 16:15:00,0.0,85.79022775613994,1
Configuration 1,Uncoordinated,Configuration 1 - Uncoordinated Charging,balanced,7,2022-02-26 13:15:00,2022-02-26 13:15:00,0.0,80.49729954919457,1
Configuration 1,Uncoordinated,Configuration 1 - Uncoordinated Charging,balanced,7,2022-02-26 16:00:00,2022-02-26 16:00:00,0.0,84.17311570058187,1
Configuration 1,Uncoordinated,Configuration 1 - Uncoordinated Charging,balanced,7,2022-02-27 11:30:00,2022-02-27 11:30:00,0.0,81.20616878478127,1
Configuration 1,Uncoordinated,Configuration 1 - Uncoordinated Charging,balanced,8,2022-02-21 16:00:00,2022-02-21 16:00:00,0.0,45.148996619312975,1
Configuration 1,Uncoordinated,Configuration 1 - Uncoordinated Charging,balanced,8,2022-02-22 12:30:00,2022-02-22 12:30:00,0.0,79.38872040594075,1
Configuration 1,Uncoordinated,Configuration 1 - Uncoordinated Charging,balanced,8,2022-02-23 18:15:00,2022-02-23 18:15:00,0.0,87.09773854626056,1
Configuration 1,Uncoordinated,Configuration 1 - Uncoordinated Charging,balanced,8,2022-02-24 15:30:00,2022-02-24 15:30:00,0.0,83.47180418567673,1
Configuration 1,Uncoordinated,Configuration 1 - Uncoordinated Charging,balanced,8,2022-02-25 13:30:00,2022-02-25 13:30:00,0.0,82.54728707154322,1
Configuration 1,Uncoordinated,Configuration 1 - Uncoordinated Charging,balanced,8,2022-02-26 11:30:00,2022-02-26 11:30:00,0.0,86.54271314538425,1
Configuration 1,Uncoordinated,Configuration 1 - Uncoordinated Charging,balanced,8,2022-02-27 09:30:00,2022-02-27 09:30:00,0.0,86.20040233047322,1
Configuration 1,Uncoordinated,Configuration 1 - Uncoordinated Charging,balanced,8,2022-02-27 16:00:00,2022-02-27 16:00:00,0.0,86.67971811173761,1
Configuration 1,Uncoordinated,Configuration 1 - Uncoordinated Charging,balanced,9,2022-02-21 17:30:00,2022-02-21 17:30:00,0.0,40.58545330593895,1
Configuration 1,Uncoordinated,Configuration 1 - Uncoordinated Charging,balanced,9,2022-02-22 17:45:00,2022-02-22 17:45:00,0.0,65.11463266649245,1
Configuration 1,Uncoordinated,Configuration 1 - Uncoordinated Charging,balanced,9,2022-02-23 11:15:00,2022-02-23 11:15:00,0.0,89.56050692553954,1
Configuration 1,Uncoordinated,Configuration 1 - Uncoordinated Charging,balanced,9,2022-02-24 17:45:00,2022-02-24 17:45:00,0.0,88.56370668676836,1
Configuration 1,Uncoordinated,Configuration 1 - Uncoordinated Charging,balanced,9,2022-02-25 15:15:00,2022-02-25 15:15:00,0.0,88.94599222567516,1
Configuration 1,Uncoordinated,Configuration 1 - Uncoordinated Charging,balanced,9,2022-02-26 09:30:00,2022-02-26 09:30:00,0.0,87.35188320056491,1
Configuration 1,Uncoordinated,Configuration 1 - Uncoordinated Charging,balanced,9,2022-02-26 16:00:00,2022-02-26 16:00:00,0.0,87.9323614807813,1
Configuration 1,Uncoordinated,Configuration 1 - Uncoordinated Charging,balanced,9,2022-02-27 09:45:00,2022-02-27 09:45:00,0.0,87.31485209884069,1
Configuration 1,Uncoordinated,Configuration 1 - Uncoordinated Charging,balanced,9,2022-02-27 16:00:00,2022-02-27 16:00:00,0.0,93.91565213079512,1
Configuration 1,Uncoordinated,Configuration 1 - Uncoordinated Charging,balanced,9,2022-02-27 23:15:00,2022-02-27 23:15:00,0.0,90.39275762263999,1
Configuration 1,Opportunistic,Configuration 1 - Opportunistic Charging,balanced,0,2022-02-21 18:00:00,2022-02-22 23:30:00,29.5,75.95043119054628,1
Configuration 1,Opportunistic,Configuration 1 - Opportunistic Charging,balanced,0,2022-02-22 16:00:00,2022-02-22 23:30:00,7.5,67.39966617182935,1
Configuration 1,Opportunistic,Configuration 1 - Opportunistic Charging,balanced,0,2022-02-23 16:00:00,2022-02-25 22:45:00,54.75,89.93279630498729,1
Configuration 1,Opportunistic,Configuration 1 - Opportunistic Charging,balanced,0,2022-02-24 16:15:00,2022-02-25 22:45:00,30.5,84.34099215434698,1
Configuration 1,Opportunistic,Configuration 1 - Opportunistic Charging,balanced,0,2022-02-25 15:45:00,2022-02-25 22:45:00,7.0,72.85948717902353,1
Configuration 1,Opportunistic,Configuration 1 - Opportunistic Charging,balanced,1,2022-02-21 18:30:00,2022-02-21 22:30:00,4.0,67.36804185389511,1
Configuration 1,Opportunistic,Configuration 1 - Opportunistic Charging,balanced,1,2022-02-22 18:15:00,2022-02-22 22:00:00,3.75,78.75747229414111,1
Configuration 1,Opportunistic,Configuration 1 - Opportunistic Charging,balanced,1,2022-02-23 18:00:00,2022-02-23 23:45:00,5.75,75.7338015639817,1
Configuration 1,Opportunistic,Configuration 1 - Opportunistic Charging,balanced,1,2022-02-24 17:15:00,2022-02-24 23:00:00,5.75,67.90436269857395,1
Configuration 1,Opportunistic,Configuration 1 - Opportunistic Charging,balanced,1,2022-02-25 16:15:00,2022-02-25 22:45:00,6.5,90.17574106882176,1
Configuration 1,Opportunistic,Configuration 1 - Opportunistic Charging,balanced,2,2022-02-21 20:15:00,2022-02-22 22:00:00,25.75,89.90366329409521,1
Configuration 1,Opportunistic,Configuration 1 - Opportunistic Charging,balanced,2,2022-02-22 19:15:00,2022-02-22 22:00:00,2.75,79.55353486819654,1
Configuration 1,Opportunistic,Configuration 1 - Opportunistic Charging,balanced,2,2022-02-23 19:00:00,2022-02-23 23:45:00,4.75,86.35746132038032,1
Configuration 1,Opportunistic,Configuration 1 - Opportunistic Charging,balanced,2,2022-02-24 23:45:00,2022-02-25 00:45:00,1.0,79.00242402754995,1
Configuration 1,Opportunistic,Configuration 1 - Opportunistic Charging,balanced,2,2022-02-25 19:00:00,2022-02-25 22:45:00,3.75,87.83887127891344,1
Configuration 1,Opportunistic,Configuration 1 - Opportunistic Charging,balanced,3,2022-02-21 18:30:00,2022-02-21 22:30:00,4.0,85.05030445623967,1
Configuration 1,Opportunistic,Configuration 1 - Opportunistic Charging,balanced,3,2022-02-22 15:00:00,2022-02-22 22:00:00,7.0,88.66825179837758,1
Configuration 1,Opportunistic,Configuration 1 - Opportunistic Charging,balanced,3,2022-02-23 21:30:00,2022-02-23 23:45:00,2.25,84.53390879068506,1
Configuration 1,Opportunistic,Configuration 1 - Opportunistic Charging,balanced,3,2022-02-24 14:30:00,2022-02-24 22:15:00,7.75,86.22373569049266,1
Configuration 1,Opportunistic,Configuration 1 - Opportunistic Charging,balanced,3,2022-02-25 18:15:00,2022-02-25 22:45:00,4.5,90.25330815778128,1
Configuration 1,Opportunistic,Configuration 1 - Opportunistic Charging,balanced,3,2022-02-26 18:45:00,2022-02-27 03:15:00,8.5,87.21803785406304,1
Configuration 1,Opportunistic,Configuration 1 - Opportunistic Charging,balanced,3,2022-02-27 13:00:00,2022-02-27 13:15:00,0.25,86.91146663674702,1
Configuration 1,Opportunistic,Configuration 1 - Opportunistic Charging,balanced,3,2022-02-27 16:15:00,2022-02-27 16:30:00,0.25,89.40616538128239,1
Configuration 1,Opportunistic,Configuration 1 - Opportunistic Charging,balanced,4,2022-02-21 18:15:00,2022-02-21 22:30:00,4.25,68.78462331617565,1
Configuration 1,Opportunistic,Configuration 1 - Opportunistic Charging,balanced,4,2022-02-22 15:45:00,2022-02-22 22:00:00,6.25,84.68114177830894,1
Configuration 1,Opportunistic,Configuration 1 - Opportunistic Charging,balanced,4,2022-02-23 15:15:00,2022-02-23 23:45:00,8.5,81.9594257040318,1
Configuration 1,Opportunistic,Configuration 1 - Opportunistic Charging,balanced,4,2022-02-24 16:30:00,2022-02-24 22:30:00,6.0,90.69630071658887,1
Configuration 1,Opportunistic,Configuration 1 - Opportunistic Charging,balanced,4,2022-02-25 07:30:00,2022-02-25 22:45:00,15.25,86.3761387891721,1
Configuration 1,Opportunistic,Configuration 1 - Opportunistic Charging,balanced,4,2022-02-26 13:00:00,2022-02-26 13:15:00,0.25,87.89333582206164,1
Configuration 1,Opportunistic,Configuration 1 - Opportunistic Charging,balanced,4,2022-02-26 16:15:00,2022-02-26 16:30:00,0.25,84.88777281760837,1
Configuration 1,Opportunistic,Configuration 1 - Opportunistic Charging,balanced,4,2022-02-26 23:45:00,2022-02-27 03:15:00,3.5,84.69764803163403,1
Configuration 1,Opportunistic,Configuration 1 - Opportunistic Charging,balanced,4,2022-02-27 16:00:00,2022-02-27 16:15:00,0.25,84.14946930932004,1
Configuration 1,Opportunistic,Configuration 1 - Opportunistic Charging,balanced,5,2022-02-21 21:15:00,2022-02-21 22:15:00,1.0,70.1616789819472,1
Configuration 1,Opportunistic,Configuration 1 - Opportunistic Charging,balanced,5,2022-02-22 17:00:00,2022-02-22 22:00:00,5.0,81.881687484314,1
Configuration 1,Opportunistic,Configuration 1 - Opportunistic Charging,balanced,5,2022-02-23 18:00:00,2022-02-23 23:45:00,5.75,84.44930467089146,1
Configuration 1,Opportunistic,Configuration 1 - Opportunistic Charging,balanced,5,2022-02-24 17:30:00,2022-02-24 23:00:00,5.5,86.31386421965927,1
Configuration 1,Opportunistic,Configuration 1 - Opportunistic Charging,balanced,5,2022-02-25 17:15:00,2022-02-25 22:45:00,5.5,89.53048700424524,1
Configuration 1,Opportunistic,Configuration 1 - Opportunistic Charging,balanced,5,2022-02-26 16:00:00,2022-02-26 16:15:00,0.25,85.48346994351198,1
Configuration 1,Opportunistic,Configuration 1 - Opportunistic Charging,balanced,5,2022-02-26 22:00:00,2022-02-27 03:15:00,5.25,76.04357421438604,1
Configuration 1,Opportunistic,Configuration 1 - Opportunistic Charging,balanced,6,2022-02-21 19:00:00,2022-02-21 23:00:00,4.0,84.27218963742061,1
Configuration 1,Opportunistic,Configuration 1 - Opportunistic Charging,balanced,6,2022-02-22 17:30:00,2022-02-22 23:30:00,6.0,85.81343240396534,1
Configuration 1,Opportunistic,Configuration 1 - Opportunistic Charging,balanced,6,2022-02-23 17:30:00,2022-02-23 23:45:00,6.25,85.59976641651771,1
Configuration 1,Opportunistic,Configuration 1 - Opportunistic Charging,balanced,6,2022-02-24 17:30:00,2022-02-24 22:30:00,5.0,85.5554514926014,1
Configuration 1,Opportunistic,Configuration 1 - Opportunistic Charging,balanced,6,2022-02-25 18:15:00,2022-02-25 22:45:00,4.5,77.6552282351992,1
Configuration 1,Opportunistic,Configuration 1 - Opportunistic Charging,balanced,6,2022-02-26 13:30:00,2022-02-27 03:15:00,13.75,83.52110309530222,1
Configuration 1,Opportunistic,Configuration 1 - Opportunistic Charging,balanced,6,2022-02-27 13:15:00,2022-02-27 13:30:00,0.25,83.17319496387084,1
Configuration 1,Opportunistic,Configuration 1 - Opportunistic Charging,balanced,7,2022-02-21 17:15:00,2022-02-21 22:15:00,5.0,83.11463041720928,1
Configuration 1,Opportunistic,Configuration 1 - Opportunistic Charging,balanced,7,2022-02-22 16:30:00,2022-02-22 23:30:00,7.0,80.10846189177163,1
Configuration 1,Opportunistic,Configuration 1 - Opportunistic Charging,balanced,7,2022-02-23 18:00:00,2022-02-23 23:45:00,5.75,81.72157612501655,1
Configuration 1,Opportunistic,Configuration 1 - Opportunistic Charging,balanced,7,2022-02-24 16:15:00,2022-02-24 22:30:00,6.25,86.52293216379412,1
Configuration 1,Opportunistic,Configuration 1 - Opportunistic Charging,balanced,7,2022-02-25 16:15:00,2022-02-25 22:45:00,6.5,85.79022775613994,1
Configuration 1,Opportunistic,Configuration 1 - Opportunistic Charging,balanced,7,2022-02-26 13:15:00,2022-02-26 13:30:00,0.25,80.49729954919457,1
Configuration 1,Opportunistic,Configuration 1 - Opportunistic Charging,balanced,7,2022-02-26 16:00:00,2022-02-27 03:15:00,11.25,81.79216331962948,1
Configuration 1,Opportunistic,Configuration 1 - Opportunistic Charging,balanced,8,2022-02-21 16:00:00,2022-02-21 22:15:00,6.25,82.0720735423899,1
Configuration 1,Opportunistic,Configuration 1 - Opportunistic Charging,balanced,8,2022-02-22 12:30:00,2022-02-22 23:30:00,11.0,79.38872040594075,1
Configuration 1,Opportunistic,Configuration 1 - Opportunistic Charging,balanced,8,2022-02-23 18:15:00,2022-02-23 23:45:00,5.5,87.09773854626056,1
Configuration 1,Opportunistic,Configuration 1 - Opportunistic Charging,balanced,8,2022-02-24 15:30:00,2022-02-24 22:15:00,6.75,83.47180418567673,1
Configuration 1,Opportunistic,Configuration 1 - Opportunistic Charging,balanced,8,2022-02-25 13:30:00,2022-02-25 22:45:00,9.25,82.54728707154322,1
Configuration 1,Opportunistic,Configuration 1 - Opportunistic Charging,balanced,8,2022-02-26 11:30:00,2022-02-27 03:15:00,15.75,86.54271314538425,1
Configuration 1,Opportunistic,Configuration 1 - Opportunistic Charging,balanced,8,2022-02-27 09:30:00,2022-02-27 11:15:00,1.75,86.20040233047322,1
Configuration 1,Opportunistic,Configuration 1 - Opportunistic Charging,balanced,9,2022-02-21 17:30:00,2022-02-21 23:00:00,5.5,66.24021521070247,1
Configuration 1,Opportunistic,Configuration 1 - Opportunistic Charging,balanced,9,2022-02-22 17:45:00,2022-02-22 23:30:00,5.75,91.19584602722011,1
Configuration 1,Opportunistic,Configuration 1 - Opportunistic Charging,balanced,9,2022-02-23 11:15:00,2022-02-23 23:45:00,12.5,84.40965623873696,1
Configuration 1,Opportunistic,Configuration 1 - Opportunistic Charging,balanced,9,2022-02-24 17:45:00,2022-02-25 22:45:00,29.0,84.52496759062058,1
Configuration 1,Opportunistic,Configuration 1 - Opportunistic Charging,balanced,9,2022-02-25 15:15:00,2022-02-25 22:45:00,7.5,73.47095981629576,1
Configuration 1,Opportunistic,Configuration 1 - Opportunistic Charging,balanced,9,2022-02-26 09:30:00,2022-02-27 03:15:00,17.75,87.35188320056491,1
Configuration 1,Opportunistic,Configuration 1 - Opportunistic Charging,balanced,9,2022-02-26 16:00:00,2022-02-27 03:15:00,11.25,75.28424468134621,1
Configuration 1,Flexible,Configuration 1 - Flexible Charging,balanced,0,2022-02-21 18:00:00,2022-02-22 00:00:00,6.0,51.505986746101826,1
Configuration 1,Flexible,Configuration 1 - Flexible Charging,balanced,0,2022-02-22 16:00:00,2022-02-22 16:15:00,0.25,78.51077728294048,1
Configuration 1,Flexible,Configuration 1 - Flexible Charging,balanced,0,2022-02-23 16:00:00,2022-02-26 00:00:00,56.0,93.50814320114712,1
Configuration 1,Flexible,Configuration 1 - Flexible Charging,balanced,0,2022-02-24 16:15:00,2022-02-26 00:00:00,31.75,87.9163390505068,1
Configuration 1,Flexible,Configuration 1 - Flexible Charging,balanced,0,2022-02-25 15:45:00,2022-02-26 00:00:00,8.25,76.43483407518336,1
Configuration 1,Flexible,Configuration 1 - Flexible Charging,balanced,1,2022-02-21 18:30:00,2022-02-22 00:00:00,5.5,38.80595035062713,1
Configuration 1,Flexible,Configuration 1 - Flexible Charging,balanced,1,2022-02-22 18:15:00,2022-02-22 18:30:00,0.25,59.09055498420043,1
Configuration 1,Flexible,Configuration 1 - Flexible Charging,balanced,1,2022-02-23 18:00:00,2022-02-24 00:00:00,6.0,73.92512682786302,1
Configuration 1,Flexible,Configuration 1 - Flexible Charging,balanced,1,2022-02-24 17:15:00,2022-02-24 23:00:00,5.75,66.82903217657898,1
Configuration 1,Flexible,Configuration 1 - Flexible Charging,balanced,2,2022-02-21 20:15:00,2022-02-22 00:00:00,3.75,53.82553508988862,1
Configuration 1,Flexible,Configuration 1 - Flexible Charging,balanced,2,2022-02-22 19:15:00,2022-02-22 20:00:00,0.75,85.6976288862134,1
Configuration 1,Flexible,Configuration 1 - Flexible Charging,balanced,2,2022-02-23 19:00:00,2022-02-25 00:45:00,29.75,86.35746132038032,1
Configuration 1,Flexible,Configuration 1 - Flexible Charging,balanced,2,2022-02-24 23:45:00,2022-02-25 00:45:00,1.0,77.85988534793027,1
Configuration 1,Flexible,Configuration 1 - Flexible Charging,balanced,2,2022-02-25 19:00:00,2022-02-25 19:45:00,0.75,87.83887127891344,1
Configuration 1,Flexible,Configuration 1 - Flexible Charging,balanced,3,2022-02-21 18:30:00,2022-02-21 19:00:00,0.5,90.39164610576698,1
Configuration 1,Flexible,Configuration 1 - Flexible Charging,balanced,3,2022-02-22 15:00:00,2022-02-23 00:00:00,9.0,84.6228851194598,1
Configuration 1,Flexible,Configuration 1 - Flexible Charging,balanced,3,2022-02-23 21:30:00,2022-02-23 21:45:00,0.25,84.53390879068506,1
Configuration 1,Flexible,Configuration 1 - Flexible Charging,balanced,3,2022-02-24 14:30:00,2022-02-25 00:00:00,9.5,84.32907305260636,1
Configuration 1,Flexible,Configuration 1 - Flexible Charging,balanced,3,2022-02-25 18:15:00,2022-02-25 19:00:00,0.75,90.25330815778128,1
Configuration 1,Flexible,Configuration 1 - Flexible Charging,balanced,3,2022-02-26 18:45:00,2022-02-27 03:15:00,8.5,87.21803785406304,1
Configuration 1,Flexible,Configuration 1 - Flexible Charging,balanced,3,2022-02-27 13:00:00,2022-02-27 13:15:00,0.25,86.91146663674702,1
Configuration 1,Flexible,Configuration 1 - Flexible Charging,balanced,3,2022-02-27 16:15:00,2022-02-27 16:30:00,0.25,89.40616538128239,1
Configuration 1,Flexible,Configuration 1 - Flexible Charging,balanced,4,2022-02-21 18:15:00,2022-02-21 19:00:00,0.75,68.78462331617565,1
Configuration 1,Flexible,Configuration 1 - Flexible Charging,balanced,4,2022-02-22 15:45:00,2022-02-23 00:00:00,8.25,80.7298533942497,1
Configuration 1,Flexible,Configuration 1 - Flexible Charging,balanced,4,2022-02-23 15:15:00,2022-02-23 19:15:00,4.0,81.9594257040318,1
Configuration 1,Flexible,Configuration 1 - Flexible Charging,balanced,4,2022-02-24 16:30:00,2022-02-26 00:00:00,31.5,90.69630071658887,1
Configuration 1,Flexible,Configuration 1 - Flexible Charging,balanced,4,2022-02-25 07:30:00,2022-02-26 00:00:00,16.5,77.07243950576097,1
Configuration 1,Flexible,Configuration 1 - Flexible Charging,balanced,4,2022-02-26 13:00:00,2022-02-26 13:15:00,0.25,87.89333582206164,1
Configuration 1,Flexible,Configuration 1 - Flexible Charging,balanced,4,2022-02-26 16:15:00,2022-02-26 16:30:00,0.25,84.88777281760837,1
Configuration 1,Flexible,Configuration 1 - Flexible Charging,balanced,4,2022-02-26 23:45:00,2022-02-27 03:15:00,3.5,84.69764803163406,1
Configuration 1,Flexible,Configuration 1 - Flexible Charging,balanced,4,2022-02-27 16:00:00,2022-02-27 16:15:00,0.25,84.14946930932004,1
Configuration 1,Flexible,Configuration 1 - Flexible Charging,balanced,5,2022-02-21 21:15:00,2022-02-22 00:00:00,2.75,29.69871601898422,1
Configuration 1,Flexible,Configuration 1 - Flexible Charging,balanced,5,2022-02-22 17:00:00,2022-02-22 18:00:00,1.0,71.39521831811322,1
Configuration 1,Flexible,Configuration 1 - Flexible Charging,balanced,5,2022-02-23 18:00:00,2022-02-24 00:00:00,6.0,84.44930467089146,1
Configuration 1,Flexible,Configuration 1 - Flexible Charging,balanced,5,2022-02-24 17:30:00,2022-02-24 20:30:00,3.0,86.31386421965927,1
Configuration 1,Flexible,Configuration 1 - Flexible Charging,balanced,5,2022-02-25 17:15:00,2022-02-26 00:00:00,6.75,89.53048700424524,1
Configuration 1,Flexible,Configuration 1 - Flexible Charging,balanced,5,2022-02-26 16:00:00,2022-02-26 16:15:00,0.25,85.48346994351198,1
Configuration 1,Flexible,Configuration 1 - Flexible Charging,balanced,5,2022-02-26 22:00:00,2022-02-27 03:15:00,5.25,76.04357421438604,1
Configuration 1,Flexible,Configuration 1 - Flexible Charging,balanced,6,2022-02-21 19:00:00,2022-02-21 19:15:00,0.25,84.27218963742061,1
Configuration 1,Flexible,Configuration 1 - Flexible Charging,balanced,6,2022-02-22 17:30:00,2022-02-23 00:00:00,6.5,85.81343240396534,1
Configuration 1,Flexible,Configuration 1 - Flexible Charging,balanced,6,2022-02-23 17:30:00,2022-02-23 19:15:00,1.75,85.59976641651771,1
Configuration 1,Flexible,Configuration 1 - Flexible Charging,balanced,6,2022-02-24 17:30:00,2022-02-25 00:00:00,6.5,85.5554514926014,1
Configuration 1,Flexible,Configuration 1 - Flexible Charging,balanced,6,2022-02-25 18:15:00,2022-02-25 19:00:00,0.75,77.6552282351992,1
Configuration 1,Flexible,Configuration 1 - Flexible Charging,balanced,6,2022-02-26 13:30:00,2022-02-27 03:15:00,13.75,83.52110309530222,1
Configuration 1,Flexible,Configuration 1 - Flexible Charging,balanced,6,2022-02-27 13:15:00,2022-02-27 13:30:00,0.25,83.17319496387084,1
Configuration 1,Flexible,Configuration 1 - Flexible Charging,balanced,7,2022-02-21 17:15:00,2022-02-22 00:00:00,6.75,45.255169756926925,1
Configuration 1,Flexible,Configuration 1 - Flexible Charging,balanced,7,2022-02-22 16:30:00,2022-02-22 23:30:00,7.0,80.10846189177163,1
Configuration 1,Flexible,Configuration 1 - Flexible Charging,balanced,7,2022-02-23 18:00:00,2022-02-23 23:45:00,5.75,81.72157612501655,1
Configuration 1,Flexible,Configuration 1 - Flexible Charging,balanced,7,2022-02-24 16:15:00,2022-02-24 16:30:00,0.25,86.52293216379412,1
Configuration 1,Flexible,Configuration 1 - Flexible Charging,balanced,7,2022-02-25 16:15:00,2022-02-26 00:00:00,7.75,85.79022775613994,1
Configuration 1,Flexible,Configuration 1 - Flexible Charging,balanced,7,2022-02-26 13:15:00,2022-02-26 13:30:00,0.25,80.49729954919457,1
Configuration 1,Flexible,Configuration 1 - Flexible Charging,balanced,7,2022-02-26 16:00:00,2022-02-26 17:00:00,1.0,81.79216331962948,1
Configuration 1,Flexible,Configuration 1 - Flexible Charging,balanced,8,2022-02-21 16:00:00,2022-02-21 19:00:00,3.0,82.0720735423899,1
Configuration 1,Flexible,Configuration 1 - Flexible Charging,balanced,8,2022-02-22 12:30:00,2022-02-23 00:00:00,11.5,79.38872040594075,1
Configuration 1,Flexible,Configuration 1 - Flexible Charging,balanced,8,2022-02-23 18:15:00,2022-02-23 19:15:00,1.0,87.09773854626056,1
Configuration 1,Flexible,Configuration 1 - Flexible Charging,balanced,8,2022-02-24 15:30:00,2022-02-25 00:00:00,8.5,83.47180418567673,1
Configuration 1,Flexible,Configuration 1 - Flexible Charging,balanced,8,2022-02-25 13:30:00,2022-02-25 13:45:00,0.25,82.54728707154322,1
Configuration 1,Flexible,Configuration 1 - Flexible Charging,balanced,8,2022-02-26 11:30:00,2022-02-27 03:15:00,15.75,86.54271314538425,1
Configuration 1,Flexible,Configuration 1 - Flexible Charging,balanced,8,2022-02-27 09:30:00,2022-02-27 11:15:00,1.75,86.20040233047322,1
Configuration 1,Flexible,Configuration 1 - Flexible Charging,balanced,9,2022-02-21 17:30:00,2022-02-21 19:00:00,1.5,66.24021521070085,1
Configuration 1,Flexible,Configuration 1 - Flexible Charging,balanced,9,2022-02-22 17:45:00,2022-02-24 00:00:00,30.25,75.00000000000001,1
Configuration 1,Flexible,Configuration 1 - Flexible Charging,balanced,9,2022-02-23 11:15:00,2022-02-24 00:00:00,12.75,64.56050692553953,1
Configuration 1,Flexible,Configuration 1 - Flexible Charging,balanced,9,2022-02-24 17:45:00,2022-02-26 00:00:00,30.25,74.4722212466234,1
Configuration 1,Flexible,Configuration 1 - Flexible Charging,balanced,9,2022-02-25 15:15:00,2022-02-26 00:00:00,8.75,63.41821347229857,1
Configuration 1,Flexible,Configuration 1 - Flexible Charging,balanced,9,2022-02-26 09:30:00,2022-02-26 17:00:00,7.5,87.35188320056491,1
Configuration 1,Flexible,Configuration 1 - Flexible Charging,balanced,9,2022-02-26 16:00:00,2022-02-26 17:00:00,1.0,75.28424468134621,1
Configuration 2,Uncoordinated,Configuration 2 - Uncoordinated Charging,balanced,0,2022-02-21 18:00:00,2022-02-21 18:00:00,0.0,80.74575282797323,2
Configuration 2,Uncoordinated,Configuration 2 - Uncoordinated Charging,balanced,0,2022-02-22 16:00:00,2022-02-22 16:15:00,0.25,91.44923498128307,2
Configuration 2,Uncoordinated,Configuration 2 - Uncoordinated Charging,balanced,0,2022-02-23 16:00:00,2022-02-23 16:15:00,0.25,93.64424124426903,2
Configuration 2,Uncoordinated,Configuration 2 - Uncoordinated Charging,balanced,0,2022-02-24 16:15:00,2022-02-24 16:30:00,0.25,94.40819584935969,2
Configuration 2,Uncoordinated,Configuration 2 - Uncoordinated Charging,balanced,0,2022-02-25 15:45:00,2022-02-25 16:00:00,0.25,88.51849502467655,2
Configuration 2,Uncoordinated,Configuration 2 - Uncoordinated Charging,balanced,0,2022-02-26 12:30:00,2022-02-26 12:45:00,0.25,87.60639207311286,2
Configuration 2,Uncoordinated,Configuration 2 - Uncoordinated Charging,balanced,0,2022-02-26 22:15:00,2022-02-26 22:15:00,0.0,89.0282992594062,2
Configuration 2,Uncoordinated,Configuration 2 - Uncoordinated Charging,balanced,0,2022-02-27 14:00:00,2022-02-27 14:15:00,0.25,89.06181025297364,2
Configuration 2,Uncoordinated,Configuration 2 - Uncoordinated Charging,balanced,1,2022-02-21 18:30:00,2022-02-21 19:45:00,1.25,55.79941440291475,2
Configuration 2,Uncoordinated,Configuration 2 - Uncoordinated Charging,balanced,1,2022-02-22 18:15:00,2022-02-22 18:30:00,0.25,85.51336280350785,2
Configuration 2,Uncoordinated,Configuration 2 - Uncoordinated Charging,balanced,1,2022-02-23 18:00:00,2022-02-23 18:15:00,0.25,91.42007607378562,2
Configuration 2,Uncoordinated,Configuration 2 - Uncoordinated Charging,balanced,1,2022-02-24 17:15:00,2022-02-24 17:30:00,0.25,85.55142152210337,2
Configuration 2,Uncoordinated,Configuration 2 - Uncoordinated Charging,balanced,1,2022-02-25 16:15:00,2022-02-25 16:30:00,0.25,90.17574106882176,2
Configuration 2,Uncoordinated,Configuration 2 - Uncoordinated Charging,balanced,1,2022-02-26 14:00:00,2022-02-26 14:15:00,0.25,89.52808367309683,2
Configuration 2,Uncoordinated,Configuration 2 - Uncoordinated Charging,balanced,1,2022-02-27 16:45:00,2022-02-27 17:00:00,0.25,87.04765645899968,2
Configuration 2,Uncoordinated,Configuration 2 - Uncoordinated Charging,balanced,2,2022-02-21 20:15:00,2022-02-21 21:15:00,1.0,62.15886842322197,2
Configuration 2,Uncoordinated,Configuration 2 - Uncoordinated Charging,balanced,2,2022-02-22 19:15:00,2022-02-22 19:30:00,0.25,89.64987157410134,2
Configuration 2,Uncoordinated,Configuration 2 - Uncoordinated Charging,balanced,2,2022-02-23 19:00:00,2022-02-23 19:45:00,0.75,86.35746132038032,2
Configuration 2,Uncoordinated,Configuration 2 - Uncoordinated Charging,balanced,2,2022-02-24 23:45:00,2022-02-25 19:00:00,19.25,91.50242402754995,2
Configuration 2,Uncoordinated,Configuration 2 - Uncoordinated Charging,balanced,2,2022-02-25 19:00:00,2022-02-25 19:00:00,0.0,79.3412953064634,2
Configuration 2,Uncoordinated,Configuration 2 - Uncoordinated Charging,balanced,2,2022-02-26 16:45:00,2022-02-26 17:00:00,0.25,87.01744100659853,2
Configuration 2,Uncoordinated,Configuration 2 - Uncoordinated Charging,balanced,2,2022-02-27 18:45:00,2022-02-27 19:00:00,0.25,90.47605689909916,2
Configuration 2,Uncoordinated,Configuration 2 - Uncoordinated Charging,balanced,3,2022-02-21 18:30:00,2022-02-21 20:30:00,2.0,72.64553894270792,2
Configuration 2,Uncoordinated,Configuration 2 - Uncoordinated Charging,balanced,3,2022-02-22 15:00:00,2022-02-22 15:15:00,0.25,88.66825179837761,2
Configuration 2,Uncoordinated,Configuration 2 - Uncoordinated Charging,balanced,3,2022-02-23 21:30:00,2022-02-23 21:45:00,0.25,84.53390879068508,2
Configuration 2,Uncoordinated,Configuration 2 - Uncoordinated Charging,balanced,3,2022-02-24 14:30:00,2022-02-24 14:45:00,0.25,86.22373569049269,2
Configuration 2,Uncoordinated,Configuration 2 - Uncoordinated Charging,balanced,3,2022-02-25 18:15:00,2022-02-25 18:30:00,0.25,90.2533081577813,2
Configuration 2,Uncoordinated,Configuration 2 - Uncoordinated Charging,balanced,3,2022-02-26 18:45:00,2022-02-26 19:00:00,0.25,87.21803785406307,2
Configuration 2,Uncoordinated,Configuration 2 - Uncoordinated Charging,balanced,3,2022-02-27 13:00:00,2022-02-27 13:15:00,0.25,86.91146663674705,2
Configuration 2,Uncoordinated,Configuration 2 - Uncoordinated Charging,balanced,3,2022-02-27 16:15:00,2022-02-27 16:45:00,0.5,89.4061653812824,2
Configuration 2,Uncoordinated,Configuration 2 - Uncoordinated Charging,balanced,3,2022-02-27 23:45:00,2022-02-27 23:45:00,0.0,84.04448337049794,2
Configuration 2,Uncoordinated,Configuration 2 - Uncoordinated Charging,balanced,4,2022-02-21 18:15:00,2022-02-21 18:15:00,0.0,34.908654323927564,2
Configuration 2,Uncoordinated,Configuration 2 - Uncoordinated Charging,balanced,4,2022-02-22 15:45:00,2022-02-22 16:00:00,0.25,87.00672317365779,2
Configuration 2,Uncoordinated,Configuration 2 - Uncoordinated Charging,balanced,4,2022-02-23 15:15:00,2022-02-23 15:30:00,0.25,81.9594257040318,2
Configuration 2,Uncoordinated,Configuration 2 - Uncoordinated Charging,balanced,4,2022-02-24 16:30:00,2022-02-24 16:45:00,0.25,90.69630071658887,2
Configuration 2,Uncoordinated,Configuration 2 - Uncoordinated Charging,balanced,4,2022-02-25 07:30:00,2022-02-25 07:45:00,0.25,86.3761387891721,2
Configuration 2,Uncoordinated,Configuration 2 - Uncoordinated Charging,balanced,4,2022-02-26 13:00:00,2022-02-26 13:15:00,0.25,87.89333582206164,2
Configuration 2,Uncoordinated,Configuration 2 - Uncoordinated Charging,balanced,4,2022-02-26 16:15:00,2022-02-26 16:30:00,0.25,84.88777281760837,2
Configuration 2,Uncoordinated,Configuration 2 - Uncoordinated Charging,balanced,4,2022-02-26 23:45:00,2022-02-26 23:45:00,0.0,85.24028369054878,2
Configuration 2,Uncoordinated,Configuration 2 - Uncoordinated Charging,balanced,4,2022-02-27 16:00:00,2022-02-27 16:15:00,0.25,84.14946930932004,2
Configuration 2,Uncoordinated,Configuration 2 - Uncoordinated Charging,balanced,4,2022-02-27 22:00:00,2022-02-27 22:00:00,0.0,75.59554489539131,2
Configuration 2,Uncoordinated,Configuration 2 - Uncoordinated Charging,balanced,5,2022-02-21 21:15:00,2022-02-22 01:45:00,4.5,29.69871601898422,2
Configuration 2,Uncoordinated,Configuration 2 - Uncoordinated Charging,balanced,5,2022-02-22 17:00:00,2022-02-22 17:00:00,0.0,57.876699799594576,2
Configuration 2,Uncoordinated,Configuration 2 - Uncoordinated Charging,balanced,5,2022-02-23 18:00:00,2022-02-23 18:15:00,0.25,84.44930467089146,2
Configuration 2,Uncoordinated,Configuration 2 - Uncoordinated Charging,balanced,5,2022-02-24 17:30:00,2022-02-24 17:45:00,0.25,86.31386421965927,2
Configuration 2,Uncoordinated,Configuration 2 - Uncoordinated Charging,balanced,5,2022-02-25 17:15:00,2022-02-25 17:30:00,0.25,89.53048700424524,2
Configuration 2,Uncoordinated,Configuration 2 - Uncoordinated Charging,balanced,5,2022-02-26 16:00:00,2022-02-26 16:15:00,0.25,85.48346994351198,2
Configuration 2,Uncoordinated,Configuration 2 - Uncoordinated Charging,balanced,5,2022-02-26 22:00:00,2022-02-26 22:00:00,0.0,76.32135199216381,2
Configuration 2,Uncoordinated,Configuration 2 - Uncoordinated Charging,balanced,5,2022-02-27 13:30:00,2022-02-27 13:45:00,0.25,89.79166253474646,2
Configuration 2,Uncoordinated,Configuration 2 - Uncoordinated Charging,balanced,6,2022-02-21 19:00:00,2022-02-21 19:00:00,0.0,46.13158297036774,2
Configuration 2,Uncoordinated,Configuration 2 - Uncoordinated Charging,balanced,6,2022-02-22 17:30:00,2022-02-22 17:45:00,0.25,85.81343240396534,2
Configuration 2,Uncoordinated,Configuration 2 - Uncoordinated Charging,balanced,6,2022-02-23 17:30:00,2022-02-23 17:45:00,0.25,85.59976641651771,2
Configuration 2,Uncoordinated,Configuration 2 - Uncoordinated Charging,balanced,6,2022-02-24 17:30:00,2022-02-24 18:15:00,0.75,85.5554514926014,2
Configuration 2,Uncoordinated,Configuration 2 - Uncoordinated Charging,balanced,6,2022-02-25 18:15:00,2022-02-25 18:30:00,0.25,77.6552282351992,2
Configuration 2,Uncoordinated,Configuration 2 - Uncoordinated Charging,balanced,6,2022-02-26 13:30:00,2022-02-26 13:45:00,0.25,83.52110309530222,2
Configuration 2,Uncoordinated,Configuration 2 - Uncoordinated Charging,balanced,6,2022-02-27 13:15:00,2022-02-27 13:30:00,0.25,83.17319496387084,2
Configuration 2,Uncoordinated,Configuration 2 - Uncoordinated Charging,balanced,6,2022-02-27 16:00:00,2022-02-27 16:00:00,0.0,78.35842196403571,2
Configuration 2,Uncoordinated,Configuration 2 - Uncoordinated Charging,balanced,7,2022-02-21 17:15:00,2022-02-21 17:30:00,0.25,83.11463041720928,2
Configuration 2,Uncoordinated,Configuration 2 - Uncoordinated Charging,balanced,7,2022-02-22 16:30:00,2022-02-22 16:45:00,0.25,80.10846189177163,2
Configuration 2,Uncoordinated,Configuration 2 - Uncoordinated Charging,balanced,7,2022-02-23 18:00:00,2022-02-23 18:15:00,0.25,81.72157612501655,2
Configuration 2,Uncoordinated,Configuration 2 - Uncoordinated Charging,balanced,7,2022-02-24 16:15:00,2022-02-24 16:30:00,0.25,86.52293216379412,2
Configuration 2,Uncoordinated,Configuration 2 - Uncoordinated Charging,balanced,7,2022-02-25 16:15:00,2022-02-25 16:30:00,0.25,85.79022775613994,2
Configuration 2,Uncoordinated,Configuration 2 - Uncoordinated Charging,balanced,7,2022-02-26 13:15:00,2022-02-26 13:30:00,0.25,80.49729954919457,2
Configuration 2,Uncoordinated,Configuration 2 - Uncoordinated Charging,balanced,7,2022-02-26 16:00:00,2022-02-26 16:00:00,0.0,82.26835379581996,2
Configuration 2,Uncoordinated,Configuration 2 - Uncoordinated Charging,balanced,7,2022-02-27 11:30:00,2022-02-27 11:45:00,0.25,81.20616878478127,2
Configuration 2,Uncoordinated,Configuration 2 - Uncoordinated Charging,balanced,8,2022-02-21 16:00:00,2022-02-21 16:00:00,0.0,45.148996619312975,2
Configuration 2,Uncoordinated,Configuration 2 - Uncoordinated Charging,balanced,8,2022-02-22 12:30:00,2022-02-22 12:45:00,0.25,79.38872040594075,2
Configuration 2,Uncoordinated,Configuration 2 - Uncoordinated Charging,balanced,8,2022-02-23 18:15:00,2022-02-23 18:30:00,0.25,87.09773854626056,2
Configuration 2,Uncoordinated,Configuration 2 - Uncoordinated Charging,balanced,8,2022-02-24 15:30:00,2022-02-24 15:45:00,0.25,83.47180418567673,2
Configuration 2,Uncoordinated,Configuration 2 - Uncoordinated Charging,balanced,8,2022-02-25 13:30:00,2022-02-25 13:45:00,0.25,82.54728707154322,2
Configuration 2,Uncoordinated,Configuration 2 - Uncoordinated Charging,balanced,8,2022-02-26 11:30:00,2022-02-26 11:45:00,0.25,86.54271314538425,2
Configuration 2,Uncoordinated,Configuration 2 - Uncoordinated Charging,balanced,8,2022-02-27 09:30:00,2022-02-27 09:45:00,0.25,86.20040233047322,2
Configuration 2,Uncoordinated,Configuration 2 - Uncoordinated Charging,balanced,8,2022-02-27 16:00:00,2022-02-27 16:15:00,0.25,86.67971811173761,2
Configuration 2,Uncoordinated,Configuration 2 - Uncoordinated Charging,balanced,9,2022-02-21 17:30:00,2022-02-21 17:30:00,0.0,40.58545330593895,2
Configuration 2,Uncoordinated,Configuration 2 - Uncoordinated Charging,balanced,9,2022-02-22 17:45:00,2022-02-22 18:15:00,0.5,87.73368028554013,2
Configuration 2,Uncoordinated,Configuration 2 - Uncoordinated Charging,balanced,9,2022-02-23 11:15:00,2022-02-23 11:30:00,0.25,89.56050692553954,2
Configuration 2,Uncoordinated,Configuration 2 - Uncoordinated Charging,balanced,9,2022-02-24 17:45:00,2022-02-24 18:30:00,0.75,88.56370668676836,2
Configuration 2,Uncoordinated,Configuration 2 - Uncoordinated Charging,balanced,9,2022-02-25 15:15:00,2022-02-25 15:30:00,0.25,88.94599222567516,2
Configuration 2,Uncoordinated,Configuration 2 - Uncoordinated Charging,balanced,9,2022-02-26 09:30:00,2022-02-26 09:45:00,0.25,87.35188320056491,2
Configuration 2,Uncoordinated,Configuration 2 - Uncoordinated Charging,balanced,9,2022-02-26 16:00:00,2022-02-26 16:15:00,0.25,87.9323614807813,2
Configuration 2,Uncoordinated,Configuration 2 - Uncoordinated Charging,balanced,9,2022-02-27 09:45:00,2022-02-27 10:00:00,0.25,87.31485209884069,2
Configuration 2,Uncoordinated,Configuration 2 - Uncoordinated Charging,balanced,9,2022-02-27 16:00:00,2022-02-27 16:15:00,0.25,93.91565213079512,2
Configuration 2,Uncoordinated,Configuration 2 - Uncoordinated Charging,balanced,9,2022-02-27 23:15:00,2022-02-27 23:15:00,0.0,90.26079070581609,2
Configuration 2,Opportunistic,Configuration 2 - Opportunistic Charging,balanced,0,2022-02-21 18:00:00,2022-02-22 00:15:00,6.25,59.739497155298025,2
Configuration 2,Opportunistic,Configuration 2 - Opportunistic Charging,balanced,0,2022-02-22 16:00:00,2022-02-22 21:45:00,5.75,68.96650991435888,2
Configuration 2,Opportunistic,Configuration 2 - Opportunistic Charging,balanced,0,2022-02-23 16:00:00,2022-02-26 03:30:00,59.5,90.5796795536428,2
Configuration 2,Opportunistic,Configuration 2 - Opportunistic Charging,balanced,0,2022-02-24 16:15:00,2022-02-26 03:30:00,35.25,84.9878754030025,2
Configuration 2,Opportunistic,Configuration 2 - Opportunistic Charging,balanced,0,2022-02-25 15:45:00,2022-02-26 03:30:00,11.75,73.50637042767904,2
Configuration 2,Opportunistic,Configuration 2 - Opportunistic Charging,balanced,1,2022-02-21 18:30:00,2022-02-21 19:00:00,0.5,59.91706146173825,2
Configuration 2,Opportunistic,Configuration 2 - Opportunistic Charging,balanced,1,2022-02-22 18:15:00,2022-02-23 07:00:00,12.75,85.51336280350785,2
Configuration 2,Opportunistic,Configuration 2 - Opportunistic Charging,balanced,1,2022-02-23 18:00:00,2022-02-23 21:45:00,3.75,81.49742659586558,2
Configuration 2,Opportunistic,Configuration 2 - Opportunistic Charging,balanced,1,2022-02-24 17:15:00,2022-02-24 23:00:00,5.75,67.90436269857395,2
Configuration 2,Opportunistic,Configuration 2 - Opportunistic Charging,balanced,2,2022-02-21 20:15:00,2022-02-21 23:00:00,2.75,65.20821958698437,2
Configuration 2,Opportunistic,Configuration 2 - Opportunistic Charging,balanced,2,2022-02-22 19:15:00,2022-02-23 04:30:00,9.25,89.16364671664131,2
Configuration 2,Opportunistic,Configuration 2 - Opportunistic Charging,balanced,2,2022-02-23 19:00:00,2022-02-23 23:45:00,4.75,75.94079465371367,2
Configuration 2,Opportunistic,Configuration 2 - Opportunistic Charging,balanced,2,2022-02-24 23:45:00,2022-02-25 00:45:00,1.0,88.186481066561,2
Configuration 2,Opportunistic,Configuration 2 - Opportunistic Charging,balanced,2,2022-02-25 19:00:00,2022-02-25 22:00:00,3.0,87.83887127891344,2
Configuration 2,Opportunistic,Configuration 2 - Opportunistic Charging,balanced,3,2022-02-21 18:30:00,2022-02-22 03:15:00,8.75,76.4539961547832,2
Configuration 2,Opportunistic,Configuration 2 - Opportunistic Charging,balanced,3,2022-02-22 15:00:00,2022-02-22 20:00:00,5.0,88.66825179837758,2
Configuration 2,Opportunistic,Configuration 2 - Opportunistic Charging,balanced,3,2022-02-23 21:30:00,2022-02-23 23:30:00,2.0,84.53390879068506,2
Configuration 2,Opportunistic,Configuration 2 - Opportunistic Charging,balanced,3,2022-02-24 14:30:00,2022-02-24 22:15:00,7.75,86.22373569049266,2
Configuration 2,Opportunistic,Configuration 2 - Opportunistic Charging,balanced,3,2022-02-25 18:15:00,2022-02-26 01:45:00,7.5,90.25330815778128,2
Configuration 2,Opportunistic,Configuration 2 - Opportunistic Charging,balanced,3,2022-02-26 18:45:00,2022-02-27 03:15:00,8.5,87.21803785406304,2
Configuration 2,Opportunistic,Configuration 2 - Opportunistic Charging,balanced,3,2022-02-27 13:00:00,2022-02-27 13:15:00,0.25,86.91146663674702,2
Configuration 2,Opportunistic,Configuration 2 - Opportunistic Charging,balanced,3,2022-02-27 16:15:00,2022-02-27 16:30:00,0.25,89.40616538128239,2
Configuration 2,Opportunistic,Configuration 2 - Opportunistic Charging,balanced,4,2022-02-21 18:15:00,2022-02-21 23:30:00,5.25,68.78462331617565,2
Configuration 2,Opportunistic,Configuration 2 - Opportunistic Charging,balanced,4,2022-02-22 15:45:00,2022-02-23 04:15:00,12.5,87.00672317365779,2
Configuration 2,Opportunistic,Configuration 2 - Opportunistic Charging,balanced,4,2022-02-23 15:15:00,2022-02-23 21:45:00,6.5,81.9594257040318,2
Configuration 2,Opportunistic,Configuration 2 - Opportunistic Charging,balanced,4,2022-02-24 16:30:00,2022-02-24 22:00:00,5.5,90.69630071658887,2
Configuration 2,Opportunistic,Configuration 2 - Opportunistic Charging,balanced,4,2022-02-25 07:30:00,2022-02-26 03:45:00,20.25,84.05055739382325,2
Configuration 2,Opportunistic,Configuration 2 - Opportunistic Charging,balanced,4,2022-02-26 13:00:00,2022-02-26 13:15:00,0.25,87.89333582206164,2
Configuration 2,Opportunistic,Configuration 2 - Opportunistic Charging,balanced,4,2022-02-26 16:15:00,2022-02-26 16:30:00,0.25,84.88777281760837,2
Configuration 2,Opportunistic,Configuration 2 - Opportunistic Charging,balanced,4,2022-02-26 23:45:00,2022-02-27 03:45:00,4.0,84.69764803163497,2
Configuration 2,Opportunistic,Configuration 2 - Opportunistic Charging,balanced,4,2022-02-27 16:00:00,2022-02-27 16:15:00,0.25,84.14946930932004,2
Configuration 2,Opportunistic,Configuration 2 - Opportunistic Charging,balanced,5,2022-02-21 21:15:00,2022-02-22 04:15:00,7.0,70.1616789819472,2
Configuration 2,Opportunistic,Configuration 2 - Opportunistic Charging,balanced,5,2022-02-22 17:00:00,2022-02-22 20:15:00,3.25,81.881687484314,2
Configuration 2,Opportunistic,Configuration 2 - Opportunistic Charging,balanced,5,2022-02-23 18:00:00,2022-02-23 21:45:00,3.75,84.44930467089146,2
Configuration 2,Opportunistic,Configuration 2 - Opportunistic Charging,balanced,5,2022-02-24 17:30:00,2022-02-24 22:00:00,4.5,86.31386421965927,2
Configuration 2,Opportunistic,Configuration 2 - Opportunistic Charging,balanced,5,2022-02-25 17:15:00,2022-02-25 22:15:00,5.0,89.53048700424524,2
Configuration 2,Opportunistic,Configuration 2 - Opportunistic Charging,balanced,5,2022-02-26 16:00:00,2022-02-26 16:15:00,0.25,85.48346994351198,2
Configuration 2,Opportunistic,Configuration 2 - Opportunistic Charging,balanced,5,2022-02-26 22:00:00,2022-02-27 00:15:00,2.25,76.04357421438604,2
Configuration 2,Opportunistic,Configuration 2 - Opportunistic Charging,balanced,6,2022-02-21 19:00:00,2022-02-21 21:00:00,2.0,84.27218963742061,2
Configuration 2,Opportunistic,Configuration 2 - Opportunistic Charging,balanced,6,2022-02-22 17:30:00,2022-02-23 01:00:00,7.5,85.81343240396534,2
Configuration 2,Opportunistic,Configuration 2 - Opportunistic Charging,balanced,6,2022-02-23 17:30:00,2022-02-24 01:00:00,7.5,85.59976641651771,2
Configuration 2,Opportunistic,Configuration 2 - Opportunistic Charging,balanced,6,2022-02-24 17:30:00,2022-02-25 04:00:00,10.5,85.5554514926014,2
Configuration 2,Opportunistic,Configuration 2 - Opportunistic Charging,balanced,6,2022-02-25 18:15:00,2022-02-25 22:30:00,4.25,77.6552282351992,2
Configuration 2,Opportunistic,Configuration 2 - Opportunistic Charging,balanced,6,2022-02-26 13:30:00,2022-02-27 03:15:00,13.75,83.52110309530222,2
Configuration 2,Opportunistic,Configuration 2 - Opportunistic Charging,balanced,6,2022-02-27 13:15:00,2022-02-27 13:30:00,0.25,83.17319496387084,2
Configuration 2,Opportunistic,Configuration 2 - Opportunistic Charging,balanced,7,2022-02-21 17:15:00,2022-02-21 18:30:00,1.25,83.11463041720928,2
Configuration 2,Opportunistic,Configuration 2 - Opportunistic Charging,balanced,7,2022-02-22 16:30:00,2022-02-22 23:30:00,7.0,80.10846189177163,2
Configuration 2,Opportunistic,Configuration 2 - Opportunistic Charging,balanced,7,2022-02-23 18:00:00,2022-02-24 04:00:00,10.0,81.72157612501655,2
Configuration 2,Opportunistic,Configuration 2 - Opportunistic Charging,balanced,7,2022-02-24 16:15:00,2022-02-25 03:45:00,11.5,86.52293216379412,2
Configuration 2,Opportunistic,Configuration 2 - Opportunistic Charging,balanced,7,2022-02-25 16:15:00,2022-02-26 04:15:00,12.0,85.79022775613994,2
Configuration 2,Opportunistic,Configuration 2 - Opportunistic Charging,balanced,7,2022-02-26 13:15:00,2022-02-26 13:30:00,0.25,80.49729954919457,2
Configuration 2,Opportunistic,Configuration 2 - Opportunistic Charging,balanced,7,2022-02-26 16:00:00,2022-02-27 04:15:00,12.25,81.79216331962948,2
Configuration 2,Opportunistic,Configuration 2 - Opportunistic Charging,balanced,8,2022-02-21 16:00:00,2022-02-21 19:00:00,3.0,82.0720735423899,2
Configuration 2,Opportunistic,Configuration 2 - Opportunistic Charging,balanced,8,2022-02-22 12:30:00,2022-02-22 23:00:00,10.5,79.38872040594075,2
Configuration 2,Opportunistic,Configuration 2 - Opportunistic Charging,balanced,8,2022-02-23 18:15:00,2022-02-24 04:00:00,9.75,87.09773854626056,2
Configuration 2,Opportunistic,Configuration 2 - Opportunistic Charging,balanced,8,2022-02-24 15:30:00,2022-02-25 02:30:00,11.0,83.47180418567673,2
Configuration 2,Opportunistic,Configuration 2 - Opportunistic Charging,balanced,8,2022-02-25 13:30:00,2022-02-25 22:30:00,9.0,82.54728707154322,2
Configuration 2,Opportunistic,Configuration 2 - Opportunistic Charging,balanced,8,2022-02-26 11:30:00,2022-02-27 06:00:00,18.5,86.54271314538425,2
Configuration 2,Opportunistic,Configuration 2 - Opportunistic Charging,balanced,8,2022-02-27 09:30:00,2022-02-27 11:15:00,1.75,86.20040233047322,2
Configuration 2,Opportunistic,Configuration 2 - Opportunistic Charging,balanced,9,2022-02-21 17:30:00,2022-02-21 19:00:00,1.5,52.668786639272284,2
Configuration 2,Opportunistic,Configuration 2 - Opportunistic Charging,balanced,9,2022-02-22 17:45:00,2022-02-23 01:15:00,7.5,73.42538391959074,2
Configuration 2,Opportunistic,Configuration 2 - Opportunistic Charging,balanced,9,2022-02-23 11:15:00,2022-02-26 01:00:00,61.75,87.43077727803264,2
Configuration 2,Opportunistic,Configuration 2 - Opportunistic Charging,balanced,9,2022-02-24 17:45:00,2022-02-26 01:00:00,31.25,75.994483964801,2
Configuration 2,Opportunistic,Configuration 2 - Opportunistic Charging,balanced,9,2022-02-25 15:15:00,2022-02-26 01:00:00,9.75,64.94047619047618,2
Configuration 2,Opportunistic,Configuration 2 - Opportunistic Charging,balanced,9,2022-02-26 09:30:00,2022-02-27 03:15:00,17.75,87.35188320056491,2
Configuration 2,Opportunistic,Configuration 2 - Opportunistic Charging,balanced,9,2022-02-26 16:00:00,2022-02-27 03:15:00,11.25,75.28424468134621,2
Configuration 2,Flexible,Configuration 2 - Flexible Charging,balanced,0,2022-02-21 18:00:00,2022-02-22 00:00:00,6.0,51.505986746101826,2
Configuration 2,Flexible,Configuration 2 - Flexible Charging,balanced,0,2022-02-22 16:00:00,2022-02-22 20:00:00,4.0,60.0951459987946,2
Configuration 2,Flexible,Configuration 2 - Flexible Charging,balanced,0,2022-02-23 16:00:00,2022-02-24 00:00:00,8.0,62.065293875847956,2
Configuration 2,Flexible,Configuration 2 - Flexible Charging,balanced,0,2022-02-24 16:15:00,2022-02-26 00:00:00,31.75,87.58460083631881,2
Configuration 2,Flexible,Configuration 2 - Flexible Charging,balanced,0,2022-02-25 15:45:00,2022-02-26 00:00:00,8.25,76.10309586099537,2
Configuration 2,Flexible,Configuration 2 - Flexible Charging,balanced,1,2022-02-21 18:30:00,2022-02-22 00:00:00,5.5,38.80595035062713,2
Configuration 2,Flexible,Configuration 2 - Flexible Charging,balanced,1,2022-02-22 18:15:00,2022-02-22 23:30:00,5.25,59.090554984200374,2
Configuration 2,Flexible,Configuration 2 - Flexible Charging,balanced,1,2022-02-23 18:00:00,2022-02-25 00:00:00,30.0,84.72813300579959,2
Configuration 2,Flexible,Configuration 2 - Flexible Charging,balanced,1,2022-02-24 17:15:00,2022-02-25 00:00:00,6.75,70.27955452790297,2
Configuration 2,Flexible,Configuration 2 - Flexible Charging,balanced,2,2022-02-21 20:15:00,2022-02-22 02:45:00,6.5,53.82553508988862,2
Configuration 2,Flexible,Configuration 2 - Flexible Charging,balanced,2,2022-02-22 19:15:00,2022-02-22 21:30:00,2.25,71.18373999732279,2
Configuration 2,Flexible,Configuration 2 - Flexible Charging,balanced,2,2022-02-23 19:00:00,2022-02-24 02:15:00,7.25,67.60746132038032,2
Configuration 2,Flexible,Configuration 2 - Flexible Charging,balanced,2,2022-02-24 23:45:00,2022-02-26 00:15:00,24.5,87.91446955072117,2
Configuration 2,Flexible,Configuration 2 - Flexible Charging,balanced,2,2022-02-25 19:00:00,2022-02-26 00:15:00,5.25,75.7533408296346,2
Configuration 2,Flexible,Configuration 2 - Flexible Charging,balanced,3,2022-02-21 18:30:00,2022-02-21 18:45:00,0.25,66.29633259350149,2
Configuration 2,Flexible,Configuration 2 - Flexible Charging,balanced,3,2022-02-22 15:00:00,2022-02-23 03:15:00,12.25,86.6312510585439,2
Configuration 2,Flexible,Configuration 2 - Flexible Charging,balanced,3,2022-02-23 21:30:00,2022-02-23 21:45:00,0.25,84.53390879068506,2
Configuration 2,Flexible,Configuration 2 - Flexible Charging,balanced,3,2022-02-24 14:30:00,2022-02-25 00:00:00,9.5,84.32907305261553,2
Configuration 2,Flexible,Configuration 2 - Flexible Charging,balanced,3,2022-02-25 18:15:00,2022-02-25 19:00:00,0.75,90.25330815778128,2
Configuration 2,Flexible,Configuration 2 - Flexible Charging,balanced,3,2022-02-26 18:45:00,2022-02-27 05:15:00,10.5,87.21803785406304,2
Configuration 2,Flexible,Configuration 2 - Flexible Charging,balanced,3,2022-02-27 13:00:00,2022-02-27 13:15:00,0.25,86.91146663674702,2
Configuration 2,Flexible,Configuration 2 - Flexible Charging,balanced,3,2022-02-27 16:15:00,2022-02-27 16:30:00,0.25,89.40616538128239,2
Configuration 2,Flexible,Configuration 2 - Flexible Charging,balanced,4,2022-02-21 18:15:00,2022-02-21 18:30:00,0.25,68.78462331617565,2
Configuration 2,Flexible,Configuration 2 - Flexible Charging,balanced,4,2022-02-22 15:45:00,2022-02-24 00:00:00,32.25,87.00672317365779,2
Configuration 2,Flexible,Configuration 2 - Flexible Charging,balanced,4,2022-02-23 15:15:00,2022-02-24 00:00:00,8.75,68.96614887768959,2
Configuration 2,Flexible,Configuration 2 - Flexible Charging,balanced,4,2022-02-24 16:30:00,2022-02-24 21:00:00,4.5,90.69630071658887,2
Configuration 2,Flexible,Configuration 2 - Flexible Charging,balanced,4,2022-02-25 07:30:00,2022-02-26 00:00:00,16.5,84.05055739382325,2
Configuration 2,Flexible,Configuration 2 - Flexible Charging,balanced,4,2022-02-26 13:00:00,2022-02-26 13:15:00,0.25,87.89333582206164,2
Configuration 2,Flexible,Configuration 2 - Flexible Charging,balanced,4,2022-02-26 16:15:00,2022-02-26 16:30:00,0.25,84.88777281760837,2
Configuration 2,Flexible,Configuration 2 - Flexible Charging,balanced,4,2022-02-26 23:45:00,2022-02-27 03:45:00,4.0,84.69764803163497,2
Configuration 2,Flexible,Configuration 2 - Flexible Charging,balanced,4,2022-02-27 16:00:00,2022-02-27 16:15:00,0.25,84.14946930932004,2
Configuration 2,Flexible,Configuration 2 - Flexible Charging,balanced,5,2022-02-21 21:15:00,2022-02-21 21:30:00,0.25,70.1616789819472,2
Configuration 2,Flexible,Configuration 2 - Flexible Charging,balanced,5,2022-02-22 17:00:00,2022-02-23 00:00:00,7.0,69.63595905885387,2
Configuration 2,Flexible,Configuration 2 - Flexible Charging,balanced,5,2022-02-23 18:00:00,2022-02-23 18:15:00,0.25,84.44930467089146,2
Configuration 2,Flexible,Configuration 2 - Flexible Charging,balanced,5,2022-02-24 17:30:00,2022-02-25 03:15:00,9.75,86.31386421965927,2
Configuration 2,Flexible,Configuration 2 - Flexible Charging,balanced,5,2022-02-25 17:15:00,2022-02-25 19:00:00,1.75,89.53048700424524,2
Configuration 2,Flexible,Configuration 2 - Flexible Charging,balanced,5,2022-02-26 16:00:00,2022-02-27 03:15:00,11.25,85.48346994351198,2
Configuration 2,Flexible,Configuration 2 - Flexible Charging,balanced,5,2022-02-26 22:00:00,2022-02-27 03:15:00,5.25,70.76579643660824,2
Configuration 2,Flexible,Configuration 2 - Flexible Charging,balanced,6,2022-02-21 19:00:00,2022-02-21 19:15:00,0.25,73.90936074814552,2
Configuration 2,Flexible,Configuration 2 - Flexible Charging,balanced,6,2022-02-22 17:30:00,2022-02-23 00:00:00,6.5,85.81343240396534,2
Configuration 2,Flexible,Configuration 2 - Flexible Charging,balanced,6,2022-02-23 17:30:00,2022-02-23 19:15:00,1.75,85.59976641651771,2
Configuration 2,Flexible,Configuration 2 - Flexible Charging,balanced,6,2022-02-24 17:30:00,2022-02-25 02:30:00,9.0,85.5554514926014,2
Configuration 2,Flexible,Configuration 2 - Flexible Charging,balanced,6,2022-02-25 18:15:00,2022-02-25 19:00:00,0.75,77.6552282351992,2
Configuration 2,Flexible,Configuration 2 - Flexible Charging,balanced,6,2022-02-26 13:30:00,2022-02-27 03:15:00,13.75,83.52110309530222,2
Configuration 2,Flexible,Configuration 2 - Flexible Charging,balanced,6,2022-02-27 13:15:00,2022-02-27 13:30:00,0.25,83.17319496387084,2
Configuration 2,Flexible,Configuration 2 - Flexible Charging,balanced,7,2022-02-21 17:15:00,2022-02-22 00:00:00,6.75,45.255169756926925,2
Configuration 2,Flexible,Configuration 2 - Flexible Charging,balanced,7,2022-02-22 16:30:00,2022-02-22 16:45:00,0.25,80.10846189177163,2
Configuration 2,Flexible,Configuration 2 - Flexible Charging,balanced,7,2022-02-23 18:00:00,2022-02-24 00:00:00,6.0,81.72157612501655,2
Configuration 2,Flexible,Configuration 2 - Flexible Charging,balanced,7,2022-02-24 16:15:00,2022-02-24 20:30:00,4.25,86.52293216379412,2
Configuration 2,Flexible,Configuration 2 - Flexible Charging,balanced,7,2022-02-25 16:15:00,2022-02-26 00:00:00,7.75,85.79022775613994,2
Configuration 2,Flexible,Configuration 2 - Flexible Charging,balanced,7,2022-02-26 13:15:00,2022-02-26 13:30:00,0.25,80.49729954919457,2
Configuration 2,Flexible,Configuration 2 - Flexible Charging,balanced,7,2022-02-26 16:00:00,2022-02-26 17:00:00,1.0,81.79216331962948,2
Configuration 2,Flexible,Configuration 2 - Flexible Charging,balanced,8,2022-02-21 16:00:00,2022-02-21 17:30:00,1.5,82.07207354239206,2
Configuration 2,Flexible,Configuration 2 - Flexible Charging,balanced,8,2022-02-22 12:30:00,2022-02-23 01:15:00,12.75,75.60504864223093,2
Configuration 2,Flexible,Configuration 2 - Flexible Charging,balanced,8,2022-02-23 18:15:00,2022-02-23 18:30:00,0.25,87.09773854626056,2
Configuration 2,Flexible,Configuration 2 - Flexible Charging,balanced,8,2022-02-24 15:30:00,2022-02-25 00:00:00,8.5,83.47180418567673,2
Configuration 2,Flexible,Configuration 2 - Flexible Charging,balanced,8,2022-02-25 13:30:00,2022-02-25 13:45:00,0.25,82.54728707154322,2
Configuration 2,Flexible,Configuration 2 - Flexible Charging,balanced,8,2022-02-26 11:30:00,2022-02-27 03:00:00,15.5,86.54271314538425,2
Configuration 2,Flexible,Configuration 2 - Flexible Charging,balanced,8,2022-02-27 09:30:00,2022-02-27 11:15:00,1.75,86.20040233047322,2
Configuration 2,Flexible,Configuration 2 - Flexible Charging,balanced,9,2022-02-21 17:30:00,2022-02-22 00:00:00,6.5,33.44259616308179,2
Configuration 2,Flexible,Configuration 2 - Flexible Charging,balanced,9,2022-02-22 17:45:00,2022-02-22 20:00:00,2.25,54.04320409506531,2
Configuration 2,Flexible,Configuration 2 - Flexible Charging,balanced,9,2022-02-23 11:15:00,2022-02-24 00:00:00,12.75,59.20336406839668,2
Configuration 2,Flexible,Configuration 2 - Flexible Charging,balanced,9,2022-02-24 17:45:00,2022-02-26 02:15:00,32.5,85.08849932659369,2
Configuration 2,Flexible,Configuration 2 - Flexible Charging,balanced,9,2022-02-25 15:15:00,2022-02-26 02:15:00,11.0,74.03449155226886,2
Configuration 2,Flexible,Configuration 2 - Flexible Charging,balanced,9,2022-02-26 09:30:00,2022-02-26 17:00:00,7.5,87.35188320056491,2
Configuration 2,Flexible,Configuration 2 - Flexible Charging,balanced,9,2022-02-26 16:00:00,2022-02-26 17:00:00,1.0,75.28424468134621,2
Configuration 3,Uncoordinated,Configuration 3 - Uncoordinated Charging,balanced,0,2022-02-21 18:00:00,2022-02-21 20:30:00,2.5,79.57616218469839,3
Configuration 3,Uncoordinated,Configuration 3 - Uncoordinated Charging,balanced,0,2022-02-22 16:00:00,2022-02-22 16:15:00,0.25,91.44923498128307,3
Configuration 3,Uncoordinated,Configuration 3 - Uncoordinated Charging,balanced,0,2022-02-23 16:00:00,2022-02-23 16:15:00,0.25,93.64424124426903,3
Configuration 3,Uncoordinated,Configuration 3 - Uncoordinated Charging,balanced,0,2022-02-24 16:15:00,2022-02-24 16:30:00,0.25,94.40819584935969,3
Configuration 3,Uncoordinated,Configuration 3 - Uncoordinated Charging,balanced,0,2022-02-25 15:45:00,2022-02-25 18:00:00,2.25,88.51849502467655,3
Configuration 3,Uncoordinated,Configuration 3 - Uncoordinated Charging,balanced,0,2022-02-26 12:30:00,2022-02-26 12:45:00,0.25,87.60639207311286,3
Configuration 3,Uncoordinated,Configuration 3 - Uncoordinated Charging,balanced,0,2022-02-26 22:15:00,2022-02-26 22:15:00,0.0,89.0282992594062,3
Configuration 3,Uncoordinated,Configuration 3 - Uncoordinated Charging,balanced,0,2022-02-27 14:00:00,2022-02-27 14:15:00,0.25,89.06181025297364,3
Configuration 3,Uncoordinated,Configuration 3 - Uncoordinated Charging,balanced,1,2022-02-21 18:30:00,2022-02-21 18:30:00,0.0,51.87784577546376,3
Configuration 3,Uncoordinated,Configuration 3 - Uncoordinated Charging,balanced,1,2022-02-22 18:15:00,2022-02-22 20:30:00,2.25,71.37813668354686,3
Configuration 3,Uncoordinated,Configuration 3 - Uncoordinated Charging,balanced,1,2022-02-23 18:00:00,2022-02-23 19:45:00,1.75,91.42007607378562,3
Configuration 3,Uncoordinated,Configuration 3 - Uncoordinated Charging,balanced,1,2022-02-24 17:15:00,2022-02-24 17:30:00,0.25,85.55142152210337,3
Configuration 3,Uncoordinated,Configuration 3 - Uncoordinated Charging,balanced,1,2022-02-25 16:15:00,2022-02-25 16:30:00,0.25,90.17574106882176,3
Configuration 3,Uncoordinated,Configuration 3 - Uncoordinated Charging,balanced,1,2022-02-26 14:00:00,2022-02-26 16:00:00,2.0,89.52808367309683,3
Configuration 3,Uncoordinated,Configuration 3 - Uncoordinated Charging,balanced,1,2022-02-27 16:45:00,2022-02-27 19:00:00,2.25,87.04765645899968,3
Configuration 3,Uncoordinated,Configuration 3 - Uncoordinated Charging,balanced,2,2022-02-21 20:15:00,2022-02-21 20:15:00,0.0,62.15886842322197,3
Configuration 3,Uncoordinated,Configuration 3 - Uncoordinated Charging,balanced,2,2022-02-22 19:15:00,2022-02-22 19:30:00,0.25,89.64987157410134,3
Configuration 3,Uncoordinated,Configuration 3 - Uncoordinated Charging,balanced,2,2022-02-23 19:00:00,2022-02-23 19:15:00,0.25,86.35746132038032,3
Configuration 3,Uncoordinated,Configuration 3 - Uncoordinated Charging,balanced,2,2022-02-24 23:45:00,2022-02-25 19:00:00,19.25,91.50242402754995,3
Configuration 3,Uncoordinated,Configuration 3 - Uncoordinated Charging,balanced,2,2022-02-25 19:00:00,2022-02-25 19:00:00,0.0,79.3412953064634,3
Configuration 3,Uncoordinated,Configuration 3 - Uncoordinated Charging,balanced,2,2022-02-26 16:45:00,2022-02-26 17:00:00,0.25,87.01744100659853,3
Configuration 3,Uncoordinated,Configuration 3 - Uncoordinated Charging,balanced,2,2022-02-27 18:45:00,2022-02-27 19:00:00,0.25,90.47605689909916,3
Configuration 3,Uncoordinated,Configuration 3 - Uncoordinated Charging,balanced,3,2022-02-21 18:30:00,2022-02-21 21:15:00,2.75,77.40744370461267,3
Configuration 3,Uncoordinated,Configuration 3 - Uncoordinated Charging,balanced,3,2022-02-22 15:00:00,2022-02-22 15:15:00,0.25,88.66825179837761,3
Configuration 3,Uncoordinated,Configuration 3 - Uncoordinated Charging,balanced,3,2022-02-23 21:30:00,2022-02-23 21:45:00,0.25,84.53390879068508,3
Configuration 3,Uncoordinated,Configuration 3 - Uncoordinated Charging,balanced,3,2022-02-24 14:30:00,2022-02-24 14:45:00,0.25,86.22373569049269,3
Configuration 3,Uncoordinated,Configuration 3 - Uncoordinated Charging,balanced,3,2022-02-25 18:15:00,2022-02-25 18:30:00,0.25,90.2533081577813,3
Configuration 3,Uncoordinated,Configuration 3 - Uncoordinated Charging,balanced,3,2022-02-26 18:45:00,2022-02-26 19:00:00,0.25,87.21803785406307,3
Configuration 3,Uncoordinated,Configuration 3 - Uncoordinated Charging,balanced,3,2022-02-27 13:00:00,2022-02-27 13:15:00,0.25,86.91146663674705,3
Configuration 3,Uncoordinated,Configuration 3 - Uncoordinated Charging,balanced,3,2022-02-27 16:15:00,2022-02-27 17:00:00,0.75,89.4061653812824,3
Configuration 3,Uncoordinated,Configuration 3 - Uncoordinated Charging,balanced,4,2022-02-21 18:15:00,2022-02-21 18:15:00,0.0,34.908654323927564,3
Configuration 3,Uncoordinated,Configuration 3 - Uncoordinated Charging,balanced,4,2022-02-22 15:45:00,2022-02-22 17:15:00,1.5,82.38049377665523,3
Configuration 3,Uncoordinated,Configuration 3 - Uncoordinated Charging,balanced,4,2022-02-23 15:15:00,2022-02-23 15:30:00,0.25,81.9594257040318,3
Configuration 3,Uncoordinated,Configuration 3 - Uncoordinated Charging,balanced,4,2022-02-24 16:30:00,2022-02-24 17:00:00,0.5,90.69630071658887,3
Configuration 3,Uncoordinated,Configuration 3 - Uncoordinated Charging,balanced,4,2022-02-25 07:30:00,2022-02-25 07:45:00,0.25,86.3761387891721,3
Configuration 3,Uncoordinated,Configuration 3 - Uncoordinated Charging,balanced,4,2022-02-26 13:00:00,2022-02-26 13:15:00,0.25,87.89333582206164,3
Configuration 3,Uncoordinated,Configuration 3 - Uncoordinated Charging,balanced,4,2022-02-26 16:15:00,2022-02-26 16:30:00,0.25,84.88777281760837,3
Configuration 3,Uncoordinated,Configuration 3 - Uncoordinated Charging,balanced,4,2022-02-26 23:45:00,2022-02-26 23:45:00,0.0,85.24028369054878,3
Configuration 3,Uncoordinated,Configuration 3 - Uncoordinated Charging,balanced,4,2022-02-27 16:00:00,2022-02-27 16:15:00,0.25,84.14946930932004,3
Configuration 3,Uncoordinated,Configuration 3 - Uncoordinated Charging,balanced,4,2022-02-27 22:00:00,2022-02-27 22:00:00,0.0,75.59554489539131,3
Configuration 3,Uncoordinated,Configuration 3 - Uncoordinated Charging,balanced,5,2022-02-21 21:15:00,2022-02-21 21:15:00,0.0,29.69871601898422,3
Configuration 3,Uncoordinated,Configuration 3 - Uncoordinated Charging,balanced,5,2022-02-22 17:00:00,2022-02-22 19:30:00,2.5,52.32114424403901,3
Configuration 3,Uncoordinated,Configuration 3 - Uncoordinated Charging,balanced,5,2022-02-23 18:00:00,2022-02-23 20:45:00,2.75,84.44930467089146,3
Configuration 3,Uncoordinated,Configuration 3 - Uncoordinated Charging,balanced,5,2022-02-24 17:30:00,2022-02-24 18:30:00,1.0,86.31386421965927,3
Configuration 3,Uncoordinated,Configuration 3 - Uncoordinated Charging,balanced,5,2022-02-25 17:15:00,2022-02-25 18:30:00,1.25,89.53048700424524,3
Configuration 3,Uncoordinated,Configuration 3 - Uncoordinated Charging,balanced,5,2022-02-26 16:00:00,2022-02-26 22:00:00,6.0,85.48346994351198,3
Configuration 3,Uncoordinated,Configuration 3 - Uncoordinated Charging,balanced,5,2022-02-26 22:00:00,2022-02-26 22:00:00,0.0,70.76579643660824,3
Configuration 3,Uncoordinated,Configuration 3 - Uncoordinated Charging,balanced,5,2022-02-27 13:30:00,2022-02-27 14:15:00,0.75,89.79166253474646,3
Configuration 3,Uncoordinated,Configuration 3 - Uncoordinated Charging,balanced,6,2022-02-21 19:00:00,2022-02-21 21:30:00,2.5,46.13158297036774,3
Configuration 3,Uncoordinated,Configuration 3 - Uncoordinated Charging,balanced,6,2022-02-22 17:30:00,2022-02-22 17:30:00,0.0,76.38945981877761,3
Configuration 3,Uncoordinated,Configuration 3 - Uncoordinated Charging,balanced,6,2022-02-23 17:30:00,2022-02-23 17:45:00,0.25,85.59976641651771,3
Configuration 3,Uncoordinated,Configuration 3 - Uncoordinated Charging,balanced,6,2022-02-24 17:30:00,2022-02-24 20:30:00,3.0,85.5554514926014,3
Configuration 3,Uncoordinated,Configuration 3 - Uncoordinated Charging,balanced,6,2022-02-25 18:15:00,2022-02-25 18:30:00,0.25,77.6552282351992,3
Configuration 3,Uncoordinated,Configuration 3 - Uncoordinated Charging,balanced,6,2022-02-26 13:30:00,2022-02-26 13:45:00,0.25,83.52110309530222,3
Configuration 3,Uncoordinated,Configuration 3 - Uncoordinated Charging,balanced,6,2022-02-27 13:15:00,2022-02-27 13:30:00,0.25,83.17319496387084,3
Configuration 3,Uncoordinated,Configuration 3 - Uncoordinated Charging,balanced,6,2022-02-27 16:00:00,2022-02-27 16:00:00,0.0,78.35842196403571,3
Configuration 3,Uncoordinated,Configuration 3 - Uncoordinated Charging,balanced,7,2022-02-21 17:15:00,2022-02-21 17:30:00,0.25,83.11463041720928,3
Configuration 3,Uncoordinated,Configuration 3 - Uncoordinated Charging,balanced,7,2022-02-22 16:30:00,2022-02-22 16:45:00,0.25,80.10846189177163,3
Configuration 3,Uncoordinated,Configuration 3 - Uncoordinated Charging,balanced,7,2022-02-23 18:00:00,2022-02-23 18:15:00,0.25,81.72157612501655,3
Configuration 3,Uncoordinated,Configuration 3 - Uncoordinated Charging,balanced,7,2022-02-24 16:15:00,2022-02-24 16:30:00,0.25,86.52293216379412,3
Configuration 3,Uncoordinated,Configuration 3 - Uncoordinated Charging,balanced,7,2022-02-25 16:15:00,2022-02-25 16:30:00,0.25,85.79022775613994,3
Configuration 3,Uncoordinated,Configuration 3 - Uncoordinated Charging,balanced,7,2022-02-26 13:15:00,2022-02-26 13:30:00,0.25,80.49729954919457,3
Configuration 3,Uncoordinated,Configuration 3 - Uncoordinated Charging,balanced,7,2022-02-26 16:00:00,2022-02-26 16:00:00,0.0,82.26835379581996,3
Configuration 3,Uncoordinated,Configuration 3 - Uncoordinated Charging,balanced,7,2022-02-27 11:30:00,2022-02-27 11:45:00,0.25,81.20616878478127,3
Configuration 3,Uncoordinated,Configuration 3 - Uncoordinated Charging,balanced,8,2022-02-21 16:00:00,2022-02-21 16:00:00,0.0,45.148996619312975,3
Configuration 3,Uncoordinated,Configuration 3 - Uncoordinated Charging,balanced,8,2022-02-22 12:30:00,2022-02-22 12:45:00,0.25,79.38872040594075,3
Configuration 3,Uncoordinated,Configuration 3 - Uncoordinated Charging,balanced,8,2022-02-23 18:15:00,2022-02-23 18:30:00,0.25,87.09773854626056,3
Configuration 3,Uncoordinated,Configuration 3 - Uncoordinated Charging,balanced,8,2022-02-24 15:30:00,2022-02-24 15:45:00,0.25,83.47180418567673,3
Configuration 3,Uncoordinated,Configuration 3 - Uncoordinated Charging,balanced,8,2022-02-25 13:30:00,2022-02-25 13:45:00,0.25,82.54728707154322,3
Configuration 3,Uncoordinated,Configuration 3 - Uncoordinated Charging,balanced,8,2022-02-26 11:30:00,2022-02-26 11:45:00,0.25,86.54271314538425,3
Configuration 3,Uncoordinated,Configuration 3 - Uncoordinated Charging,balanced,8,2022-02-27 09:30:00,2022-02-27 09:45:00,0.25,86.20040233047322,3
Configuration 3,Uncoordinated,Configuration 3 - Uncoordinated Charging,balanced,8,2022-02-27 16:00:00,2022-02-27 16:15:00,0.25,86.67971811173761,3
Configuration 3,Uncoordinated,Configuration 3 - Uncoordinated Charging,balanced,9,2022-02-21 17:30:00,2022-02-21 17:30:00,0.0,40.58545330593895,3
Configuration 3,Uncoordinated,Configuration 3 - Uncoordinated Charging,balanced,9,2022-02-22 17:45:00,2022-02-22 18:15:00,0.5,72.25748980934962,3
Configuration 3,Uncoordinated,Configuration 3 - Uncoordinated Charging,balanced,9,2022-02-23 11:15:00,2022-02-23 11:30:00,0.25,89.56050692553954,3
Configuration 3,Uncoordinated,Configuration 3 - Uncoordinated Charging,balanced,9,2022-02-24 17:45:00,2022-02-24 18:00:00,0.25,88.56370668676836,3
Configuration 3,Uncoordinated,Configuration 3 - Uncoordinated Charging,balanced,9,2022-02-25 15:15:00,2022-02-25 15:30:00,0.25,88.94599222567516,3
Configuration 3,Uncoordinated,Configuration 3 - Uncoordinated Charging,balanced,9,2022-02-26 09:30:00,2022-02-26 09:45:00,0.25,87.35188320056491,3
Configuration 3,Uncoordinated,Configuration 3 - Uncoordinated Charging,balanced,9,2022-02-26 16:00:00,2022-02-26 16:15:00,0.25,87.9323614807813,3
Configuration 3,Uncoordinated,Configuration 3 - Uncoordinated Charging,balanced,9,2022-02-27 09:45:00,2022-02-27 10:00:00,0.25,87.31485209884069,3
Configuration 3,Uncoordinated,Configuration 3 - Uncoordinated Charging,balanced,9,2022-02-27 16:00:00,2022-02-27 16:45:00,0.75,93.91565213079512,3
Configuration 3,Uncoordinated,Configuration 3 - Uncoordinated Charging,balanced,9,2022-02-27 23:15:00,2022-02-27 23:15:00,0.0,87.87983832486368,3
Configuration 3,Opportunistic,Configuration 3 - Opportunistic Charging,balanced,0,2022-02-21 18:00:00,2022-02-22 06:30:00,12.5,67.01754385964911,3
Configuration 3,Opportunistic,Configuration 3 - Opportunistic Charging,balanced,0,2022-02-22 16:00:00,2022-02-22 22:00:00,6.0,65.13344550759884,3
Configuration 3,Opportunistic,Configuration 3 - Opportunistic Charging,balanced,0,2022-02-23 16:00:00,2022-02-25 01:45:00,33.75,93.64424124426901,3
Configuration 3,Opportunistic,Configuration 3 - Opportunistic Charging,balanced,0,2022-02-24 16:15:00,2022-02-25 01:45:00,9.5,88.05243709362871,3
Configuration 3,Opportunistic,Configuration 3 - Opportunistic Charging,balanced,0,2022-02-25 15:45:00,2022-02-25 23:00:00,7.25,77.7635370867839,3
Configuration 3,Opportunistic,Configuration 3 - Opportunistic Charging,balanced,1,2022-02-21 18:30:00,2022-02-21 19:00:00,0.5,56.19157126566009,3
Configuration 3,Opportunistic,Configuration 3 - Opportunistic Charging,balanced,1,2022-02-22 18:15:00,2022-02-23 07:00:00,12.75,85.16898635674745,3
Configuration 3,Opportunistic,Configuration 3 - Opportunistic Charging,balanced,1,2022-02-23 18:00:00,2022-02-24 22:30:00,28.5,84.18049868125857,3
Configuration 3,Opportunistic,Configuration 3 - Opportunistic Charging,balanced,1,2022-02-24 17:15:00,2022-02-24 22:30:00,5.25,69.73192020336194,3
Configuration 3,Opportunistic,Configuration 3 - Opportunistic Charging,balanced,1,2022-02-25 16:15:00,2022-02-26 06:15:00,14.0,88.46975277545171,3
Configuration 3,Opportunistic,Configuration 3 - Opportunistic Charging,balanced,2,2022-02-21 20:15:00,2022-02-22 03:15:00,7.0,75.90011028097584,3
Configuration 3,Opportunistic,Configuration 3 - Opportunistic Charging,balanced,2,2022-02-22 19:15:00,2022-02-22 21:45:00,2.5,77.14987157410133,3
Configuration 3,Opportunistic,Configuration 3 - Opportunistic Charging,balanced,2,2022-02-23 19:00:00,2022-02-23 21:45:00,2.75,75.44055630915697,3
Configuration 3,Opportunistic,Configuration 3 - Opportunistic Charging,balanced,2,2022-02-24 23:45:00,2022-02-25 00:45:00,1.0,79.63065924660145,3
Configuration 3,Opportunistic,Configuration 3 - Opportunistic Charging,balanced,2,2022-02-25 19:00:00,2022-02-25 22:45:00,3.75,75.33887127891342,3
Configuration 3,Opportunistic,Configuration 3 - Opportunistic Charging,balanced,3,2022-02-21 18:30:00,2022-02-22 02:45:00,8.25,78.22393901765243,3
Configuration 3,Opportunistic,Configuration 3 - Opportunistic Charging,balanced,3,2022-02-22 15:00:00,2022-02-22 21:45:00,6.75,88.66825179837758,3
Configuration 3,Opportunistic,Configuration 3 - Opportunistic Charging,balanced,3,2022-02-23 21:30:00,2022-02-24 04:15:00,6.75,84.53390879068506,3
Configuration 3,Opportunistic,Configuration 3 - Opportunistic Charging,balanced,3,2022-02-24 14:30:00,2022-02-25 01:00:00,10.5,86.22373569049266,3
Configuration 3,Opportunistic,Configuration 3 - Opportunistic Charging,balanced,3,2022-02-25 18:15:00,2022-02-25 22:30:00,4.25,90.25330815778128,3
Configuration 3,Opportunistic,Configuration 3 - Opportunistic Charging,balanced,3,2022-02-26 18:45:00,2022-02-26 23:30:00,4.75,87.21803785406304,3
Configuration 3,Opportunistic,Configuration 3 - Opportunistic Charging,balanced,3,2022-02-27 13:00:00,2022-02-27 13:15:00,0.25,86.91146663674702,3
Configuration 3,Opportunistic,Configuration 3 - Opportunistic Charging,balanced,3,2022-02-27 16:15:00,2022-02-27 17:00:00,0.75,89.40616538128239,3
Configuration 3,Opportunistic,Configuration 3 - Opportunistic Charging,balanced,4,2022-02-21 18:15:00,2022-02-21 20:45:00,2.5,68.78462331617565,3
Configuration 3,Opportunistic,Configuration 3 - Opportunistic Charging,balanced,4,2022-02-22 15:45:00,2022-02-23 02:15:00,10.5,87.00672317365779,3
Configuration 3,Opportunistic,Configuration 3 - Opportunistic Charging,balanced,4,2022-02-23 15:15:00,2022-02-23 23:45:00,8.5,81.40102011010806,3
Configuration 3,Opportunistic,Configuration 3 - Opportunistic Charging,balanced,4,2022-02-24 16:30:00,2022-02-24 19:45:00,3.25,90.69630071658887,3
Configuration 3,Opportunistic,Configuration 3 - Opportunistic Charging,balanced,4,2022-02-25 07:30:00,2022-02-26 02:30:00,19.0,84.05055739382325,3
Configuration 3,Opportunistic,Configuration 3 - Opportunistic Charging,balanced,4,2022-02-26 13:00:00,2022-02-26 13:15:00,0.25,87.89333582206164,3
Configuration 3,Opportunistic,Configuration 3 - Opportunistic Charging,balanced,4,2022-02-26 16:15:00,2022-02-26 16:30:00,0.25,84.88777281760837,3
Configuration 3,Opportunistic,Configuration 3 - Opportunistic Charging,balanced,4,2022-02-26 23:45:00,2022-02-27 04:15:00,4.5,84.69764803163507,3
Configuration 3,Opportunistic,Configuration 3 - Opportunistic Charging,balanced,4,2022-02-27 16:00:00,2022-02-27 16:15:00,0.25,84.14946930932004,3
Configuration 3,Opportunistic,Configuration 3 - Opportunistic Charging,balanced,5,2022-02-21 21:15:00,2022-02-22 01:00:00,3.75,70.1616789819472,3
Configuration 3,Opportunistic,Configuration 3 - Opportunistic Charging,balanced,5,2022-02-22 17:00:00,2022-02-22 21:45:00,4.75,81.881687484314,3
Configuration 3,Opportunistic,Configuration 3 - Opportunistic Charging,balanced,5,2022-02-23 18:00:00,2022-02-24 05:00:00,11.0,84.44930467089146,3
Configuration 3,Opportunistic,Configuration 3 - Opportunistic Charging,balanced,5,2022-02-24 17:30:00,2022-02-25 02:45:00,9.25,86.31386421965927,3
Configuration 3,Opportunistic,Configuration 3 - Opportunistic Charging,balanced,5,2022-02-25 17:15:00,2022-02-25 22:45:00,5.5,89.53048700424524,3
Configuration 3,Opportunistic,Configuration 3 - Opportunistic Charging,balanced,5,2022-02-26 16:00:00,2022-02-26 16:15:00,0.25,85.48346994351198,3
Configuration 3,Opportunistic,Configuration 3 - Opportunistic Charging,balanced,5,2022-02-26 22:00:00,2022-02-27 01:45:00,3.75,76.04357421438604,3
Configuration 3,Opportunistic,Configuration 3 - Opportunistic Charging,balanced,6,2022-02-21 19:00:00,2022-02-22 03:45:00,8.75,79.1871385259229,3
Configuration 3,Opportunistic,Configuration 3 - Opportunistic Charging,balanced,6,2022-02-22 17:30:00,2022-02-23 00:15:00,6.75,84.35242278174286,3
Configuration 3,Opportunistic,Configuration 3 - Opportunistic Charging,balanced,6,2022-02-23 17:30:00,2022-02-24 01:00:00,7.5,85.59976641651771,3
Configuration 3,Opportunistic,Configuration 3 - Opportunistic Charging,balanced,6,2022-02-24 17:30:00,2022-02-25 04:15:00,10.75,85.5554514926014,3
Configuration 3,Opportunistic,Configuration 3 - Opportunistic Charging,balanced,6,2022-02-25 18:15:00,2022-02-25 22:45:00,4.5,77.6552282351992,3
Configuration 3,Opportunistic,Configuration 3 - Opportunistic Charging,balanced,6,2022-02-26 13:30:00,2022-02-27 03:15:00,13.75,83.52110309530222,3
Configuration 3,Opportunistic,Configuration 3 - Opportunistic Charging,balanced,6,2022-02-27 13:15:00,2022-02-27 13:30:00,0.25,83.17319496387084,3
Configuration 3,Opportunistic,Configuration 3 - Opportunistic Charging,balanced,7,2022-02-21 17:15:00,2022-02-21 19:00:00,1.75,83.11463041720928,3
Configuration 3,Opportunistic,Configuration 3 - Opportunistic Charging,balanced,7,2022-02-22 16:30:00,2022-02-23 03:45:00,11.25,80.10846189177163,3
Configuration 3,Opportunistic,Configuration 3 - Opportunistic Charging,balanced,7,2022-02-23 18:00:00,2022-02-24 01:45:00,7.75,81.72157612501655,3
Configuration 3,Opportunistic,Configuration 3 - Opportunistic Charging,balanced,7,2022-02-24 16:15:00,2022-02-24 23:00:00,6.75,86.52293216379412,3
Configuration 3,Opportunistic,Configuration 3 - Opportunistic Charging,balanced,7,2022-02-25 16:15:00,2022-02-26 03:45:00,11.5,85.79022775613994,3
Configuration 3,Opportunistic,Configuration 3 - Opportunistic Charging,balanced,7,2022-02-26 13:15:00,2022-02-26 13:30:00,0.25,80.49729954919457,3
Configuration 3,Opportunistic,Configuration 3 - Opportunistic Charging,balanced,7,2022-02-26 16:00:00,2022-02-26 23:30:00,7.5,81.79216331962948,3
Configuration 3,Opportunistic,Configuration 3 - Opportunistic Charging,balanced,8,2022-02-21 16:00:00,2022-02-22 02:00:00,10.0,82.0720735423899,3
Configuration 3,Opportunistic,Configuration 3 - Opportunistic Charging,balanced,8,2022-02-22 12:30:00,2022-02-22 23:30:00,11.0,79.38872040594075,3
Configuration 3,Opportunistic,Configuration 3 - Opportunistic Charging,balanced,8,2022-02-23 18:15:00,2022-02-23 23:45:00,5.5,87.09773854626056,3
Configuration 3,Opportunistic,Configuration 3 - Opportunistic Charging,balanced,8,2022-02-24 15:30:00,2022-02-24 22:15:00,6.75,83.47180418567673,3
Configuration 3,Opportunistic,Configuration 3 - Opportunistic Charging,balanced,8,2022-02-25 13:30:00,2022-02-25 22:45:00,9.25,82.54728707154322,3
Configuration 3,Opportunistic,Configuration 3 - Opportunistic Charging,balanced,8,2022-02-26 11:30:00,2022-02-27 03:15:00,15.75,86.54271314538425,3
Configuration 3,Opportunistic,Configuration 3 - Opportunistic Charging,balanced,8,2022-02-27 09:30:00,2022-02-27 11:15:00,1.75,86.20040233047322,3
Configuration 3,Opportunistic,Configuration 3 - Opportunistic Charging,balanced,9,2022-02-21 17:30:00,2022-02-21 21:00:00,3.5,54.7052299735379,3
Configuration 3,Opportunistic,Configuration 3 - Opportunistic Charging,balanced,9,2022-02-22 17:45:00,2022-02-24 01:15:00,31.5,88.87726647694852,3
Configuration 3,Opportunistic,Configuration 3 - Opportunistic Charging,balanced,9,2022-02-23 11:15:00,2022-02-24 01:15:00,14.0,78.43777340248806,3
Configuration 3,Opportunistic,Configuration 3 - Opportunistic Charging,balanced,9,2022-02-24 17:45:00,2022-02-26 03:45:00,34.0,83.92925009681707,3
Configuration 3,Opportunistic,Configuration 3 - Opportunistic Charging,balanced,9,2022-02-25 15:15:00,2022-02-26 03:45:00,12.5,72.87524232249221,3
Configuration 3,Opportunistic,Configuration 3 - Opportunistic Charging,balanced,9,2022-02-26 09:30:00,2022-02-27 03:15:00,17.75,82.84617314210479,3
Configuration 3,Opportunistic,Configuration 3 - Opportunistic Charging,balanced,9,2022-02-26 16:00:00,2022-02-27 03:15:00,11.25,70.77853462288607,3
Configuration 3,Flexible,Configuration 3 - Flexible Charging,balanced,0,2022-02-21 18:00:00,2022-02-22 00:00:00,6.0,51.505986746101826,3
Configuration 3,Flexible,Configuration 3 - Flexible Charging,balanced,0,2022-02-22 16:00:00,2022-02-24 00:00:00,32.0,75.20223294683517,3
Configuration 3,Flexible,Configuration 3 - Flexible Charging,balanced,0,2022-02-23 16:00:00,2022-02-24 00:00:00,8.0,68.84647419110419,3
Configuration 3,Flexible,Configuration 3 - Flexible Charging,balanced,0,2022-02-24 16:15:00,2022-02-26 00:00:00,31.75,85.96839770000683,3
Configuration 3,Flexible,Configuration 3 - Flexible Charging,balanced,0,2022-02-25 15:45:00,2022-02-26 00:00:00,8.25,74.48689272468339,3
Configuration 3,Flexible,Configuration 3 - Flexible Charging,balanced,1,2022-02-21 18:30:00,2022-02-22 00:00:00,5.5,38.80595035062713,3
Configuration 3,Flexible,Configuration 3 - Flexible Charging,balanced,1,2022-02-22 18:15:00,2022-02-22 18:30:00,0.25,59.090554984200374,3
Configuration 3,Flexible,Configuration 3 - Flexible Charging,balanced,1,2022-02-23 18:00:00,2022-02-24 05:30:00,11.5,77.83089249590013,3
Configuration 3,Flexible,Configuration 3 - Flexible Charging,balanced,1,2022-02-24 17:15:00,2022-02-24 23:45:00,6.5,66.82903217658458,3
Configuration 3,Flexible,Configuration 3 - Flexible Charging,balanced,1,2022-02-25 16:15:00,2022-02-25 19:00:00,2.75,88.05052487939334,3
Configuration 3,Flexible,Configuration 3 - Flexible Charging,balanced,2,2022-02-21 20:15:00,2022-02-22 00:00:00,3.75,53.82553508988862,3
Configuration 3,Flexible,Configuration 3 - Flexible Charging,balanced,2,2022-02-22 19:15:00,2022-02-22 20:00:00,0.75,85.6976288862122,3
Configuration 3,Flexible,Configuration 3 - Flexible Charging,balanced,2,2022-02-23 19:00:00,2022-02-25 00:45:00,29.75,86.35746132038032,3
Configuration 3,Flexible,Configuration 3 - Flexible Charging,balanced,2,2022-02-24 23:45:00,2022-02-25 00:45:00,1.0,77.85988534793623,3
Configuration 3,Flexible,Configuration 3 - Flexible Charging,balanced,2,2022-02-25 19:00:00,2022-02-25 19:45:00,0.75,87.83887127891344,3
Configuration 3,Flexible,Configuration 3 - Flexible Charging,balanced,3,2022-02-21 18:30:00,2022-02-21 19:00:00,0.5,90.39164610576698,3
Configuration 3,Flexible,Configuration 3 - Flexible Charging,balanced,3,2022-02-22 15:00:00,2022-02-23 00:00:00,9.0,80.24492736134435,3
Configuration 3,Flexible,Configuration 3 - Flexible Charging,balanced,3,2022-02-23 21:30:00,2022-02-23 21:45:00,0.25,84.53390879068506,3
Configuration 3,Flexible,Configuration 3 - Flexible Charging,balanced,3,2022-02-24 14:30:00,2022-02-25 00:00:00,9.5,84.32907305261072,3
Configuration 3,Flexible,Configuration 3 - Flexible Charging,balanced,3,2022-02-25 18:15:00,2022-02-25 19:00:00,0.75,90.25330815778128,3
Configuration 3,Flexible,Configuration 3 - Flexible Charging,balanced,3,2022-02-26 18:45:00,2022-02-27 03:15:00,8.5,87.21803785406304,3
Configuration 3,Flexible,Configuration 3 - Flexible Charging,balanced,3,2022-02-27 13:00:00,2022-02-27 13:15:00,0.25,86.91146663674702,3
Configuration 3,Flexible,Configuration 3 - Flexible Charging,balanced,3,2022-02-27 16:15:00,2022-02-27 16:30:00,0.25,89.40616538128239,3
Configuration 3,Flexible,Configuration 3 - Flexible Charging,balanced,4,2022-02-21 18:15:00,2022-02-22 00:00:00,5.75,34.908654323927564,3
Configuration 3,Flexible,Configuration 3 - Flexible Charging,balanced,4,2022-02-22 15:45:00,2022-02-22 16:00:00,0.25,69.04716044332183,3
Configuration 3,Flexible,Configuration 3 - Flexible Charging,balanced,4,2022-02-23 15:15:00,2022-02-24 00:00:00,8.75,79.63384430868294,3
Configuration 3,Flexible,Configuration 3 - Flexible Charging,balanced,4,2022-02-24 16:30:00,2022-02-24 16:45:00,0.25,90.69630071658887,3
Configuration 3,Flexible,Configuration 3 - Flexible Charging,balanced,4,2022-02-25 07:30:00,2022-02-26 00:00:00,16.5,84.67172739310116,3
Configuration 3,Flexible,Configuration 3 - Flexible Charging,balanced,4,2022-02-26 13:00:00,2022-02-26 13:15:00,0.25,87.89333582206164,3
Configuration 3,Flexible,Configuration 3 - Flexible Charging,balanced,4,2022-02-26 16:15:00,2022-02-26 16:30:00,0.25,84.88777281760837,3
Configuration 3,Flexible,Configuration 3 - Flexible Charging,balanced,4,2022-02-26 23:45:00,2022-02-27 03:15:00,3.5,84.69764803163406,3
Configuration 3,Flexible,Configuration 3 - Flexible Charging,balanced,4,2022-02-27 16:00:00,2022-02-27 16:15:00,0.25,84.14946930932004,3
Configuration 3,Flexible,Configuration 3 - Flexible Charging,balanced,5,2022-02-21 21:15:00,2022-02-21 21:30:00,0.25,70.1616789819472,3
Configuration 3,Flexible,Configuration 3 - Flexible Charging,balanced,5,2022-02-22 17:00:00,2022-02-23 00:00:00,7.0,69.6359590588574,3
Configuration 3,Flexible,Configuration 3 - Flexible Charging,balanced,5,2022-02-23 18:00:00,2022-02-23 19:15:00,1.25,84.44930467089146,3
Configuration 3,Flexible,Configuration 3 - Flexible Charging,balanced,5,2022-02-24 17:30:00,2022-02-25 00:00:00,6.5,86.31386421965927,3
Configuration 3,Flexible,Configuration 3 - Flexible Charging,balanced,5,2022-02-25 17:15:00,2022-02-25 19:00:00,1.75,89.53048700424524,3
Configuration 3,Flexible,Configuration 3 - Flexible Charging,balanced,5,2022-02-26 16:00:00,2022-02-27 03:15:00,11.25,85.48346994351198,3
Configuration 3,Flexible,Configuration 3 - Flexible Charging,balanced,5,2022-02-26 22:00:00,2022-02-27 03:15:00,5.25,70.76579643660824,3
Configuration 3,Flexible,Configuration 3 - Flexible Charging,balanced,6,2022-02-21 19:00:00,2022-02-21 19:15:00,0.25,84.27218963742061,3
Configuration 3,Flexible,Configuration 3 - Flexible Charging,balanced,6,2022-02-22 17:30:00,2022-02-23 00:00:00,6.5,85.81343240396534,3
Configuration 3,Flexible,Configuration 3 - Flexible Charging,balanced,6,2022-02-23 17:30:00,2022-02-23 23:45:00,6.25,85.59976641651771,3
Configuration 3,Flexible,Configuration 3 - Flexible Charging,balanced,6,2022-02-24 17:30:00,2022-02-24 20:30:00,3.0,85.5554514926014,3
Configuration 3,Flexible,Configuration 3 - Flexible Charging,balanced,6,2022-02-25 18:15:00,2022-02-26 00:00:00,5.75,77.6552282351992,3
Configuration 3,Flexible,Configuration 3 - Flexible Charging,balanced,6,2022-02-26 13:30:00,2022-02-26 17:00:00,3.5,83.52110309530222,3
Configuration 3,Flexible,Configuration 3 - Flexible Charging,balanced,7,2022-02-21 17:15:00,2022-02-22 00:00:00,6.75,45.255169756926925,3
Configuration 3,Flexible,Configuration 3 - Flexible Charging,balanced,7,2022-02-22 16:30:00,2022-02-22 16:45:00,0.25,80.10846189177163,3
Configuration 3,Flexible,Configuration 3 - Flexible Charging,balanced,7,2022-02-23 18:00:00,2022-02-24 00:00:00,6.0,81.72157612501655,3
Configuration 3,Flexible,Configuration 3 - Flexible Charging,balanced,7,2022-02-24 16:15:00,2022-02-24 16:30:00,0.25,86.52293216379412,3
Configuration 3,Flexible,Configuration 3 - Flexible Charging,balanced,7,2022-02-25 16:15:00,2022-02-26 00:00:00,7.75,85.79022775613994,3
Configuration 3,Flexible,Configuration 3 - Flexible Charging,balanced,7,2022-02-26 13:15:00,2022-02-26 13:30:00,0.25,80.49729954919457,3
Configuration 3,Flexible,Configuration 3 - Flexible Charging,balanced,7,2022-02-26 16:00:00,2022-02-26 17:00:00,1.0,81.79216331962948,3
Configuration 3,Flexible,Configuration 3 - Flexible Charging,balanced,8,2022-02-21 16:00:00,2022-02-21 19:00:00,3.0,82.07207354239206,3
Configuration 3,Flexible,Configuration 3 - Flexible Charging,balanced,8,2022-02-22 12:30:00,2022-02-23 00:00:00,11.5,78.00975562759726,3
Configuration 3,Flexible,Configuration 3 - Flexible Charging,balanced,8,2022-02-23 18:15:00,2022-02-23 19:15:00,1.0,87.09773854626056,3
Configuration 3,Flexible,Configuration 3 - Flexible Charging,balanced,8,2022-02-24 15:30:00,2022-02-25 00:00:00,8.5,83.47180418567673,3
Configuration 3,Flexible,Configuration 3 - Flexible Charging,balanced,8,2022-02-25 13:30:00,2022-02-25 13:45:00,0.25,82.54728707154322,3
Configuration 3,Flexible,Configuration 3 - Flexible Charging,balanced,8,2022-02-26 11:30:00,2022-02-27 06:00:00,18.5,86.54271314538425,3
Configuration 3,Flexible,Configuration 3 - Flexible Charging,balanced,8,2022-02-27 09:30:00,2022-02-27 11:15:00,1.75,86.20040233047322,3
Configuration 3,Flexible,Configuration 3 - Flexible Charging,balanced,9,2022-02-21 17:30:00,2022-02-21 19:00:00,1.5,66.24021521070247,3
Configuration 3,Flexible,Configuration 3 - Flexible Charging,balanced,9,2022-02-22 17:45:00,2022-02-23 00:00:00,6.25,59.87835269944518,3
Configuration 3,Flexible,Configuration 3 - Flexible Charging,balanced,9,2022-02-23 11:15:00,2022-02-26 00:00:00,60.75,87.89124057736576,3
Configuration 3,Flexible,Configuration 3 - Flexible Charging,balanced,9,2022-02-24 17:45:00,2022-02-26 00:00:00,30.25,76.45494726413413,3
Configuration 3,Flexible,Configuration 3 - Flexible Charging,balanced,9,2022-02-25 15:15:00,2022-02-26 00:00:00,8.75,65.4009394898093,3
Configuration 3,Flexible,Configuration 3 - Flexible Charging,balanced,9,2022-02-26 09:30:00,2022-02-27 03:15:00,17.75,87.35188320056491,3
Configuration 3,Flexible,Configuration 3 - Flexible Charging,balanced,9,2022-02-26 16:00:00,2022-02-27 03:15:00,11.25,75.28424468134621,3
