,config,strategy,model,version,wait_time
0,Config 1,Uncoordinated,Config 1 - Uncoordinated Charging,norm_w_sum,0.0
1,Config 1,Uncoordinated,Config 1 - Uncoordinated Charging,norm_w_sum,0.0
2,Config 1,Uncoordinated,Config 1 - Uncoordinated Charging,norm_w_sum,0.0
3,Config 1,Uncoordinated,Config 1 - Uncoordinated Charging,norm_w_sum,0.0
4,Config 1,Uncoordinated,Config 1 - Uncoordinated Charging,norm_w_sum,0.0
5,Config 1,Uncoordinated,Config 1 - Uncoordinated Charging,norm_w_sum,0.0
6,Config 1,Uncoordinated,Config 1 - Uncoordinated Charging,norm_w_sum,0.0
7,Config 1,Uncoordinated,Config 1 - Uncoordinated Charging,norm_w_sum,0.0
8,Config 1,Uncoordinated,Config 1 - Uncoordinated Charging,norm_w_sum,0.0
9,Config 1,Uncoordinated,Config 1 - Uncoordinated Charging,norm_w_sum,0.0
10,Config 1,Uncoordinated,Config 1 - Uncoordinated Charging,norm_w_sum,0.0
11,Config 1,Uncoordinated,Config 1 - Uncoordinated Charging,norm_w_sum,0.0
12,Config 1,Uncoordinated,Config 1 - Uncoordinated Charging,norm_w_sum,0.0
13,Config 1,Uncoordinated,Config 1 - Uncoordinated Charging,norm_w_sum,0.0
14,Config 1,Uncoordinated,Config 1 - Uncoordinated Charging,norm_w_sum,0.0
15,Config 1,Uncoordinated,Config 1 - Uncoordinated Charging,norm_w_sum,0.0
16,Config 1,Uncoordinated,Config 1 - Uncoordinated Charging,norm_w_sum,0.0
17,Config 1,Uncoordinated,Config 1 - Uncoordinated Charging,norm_w_sum,0.0
18,Config 1,Uncoordinated,Config 1 - Uncoordinated Charging,norm_w_sum,0.0
19,Config 1,Uncoordinated,Config 1 - Uncoordinated Charging,norm_w_sum,0.0
20,Config 1,Uncoordinated,Config 1 - Uncoordinated Charging,norm_w_sum,0.0
21,Config 1,Uncoordinated,Config 1 - Uncoordinated Charging,norm_w_sum,0.0
22,Config 1,Uncoordinated,Config 1 - Uncoordinated Charging,norm_w_sum,0.0
23,Config 1,Uncoordinated,Config 1 - Uncoordinated Charging,norm_w_sum,0.0
24,Config 1,Uncoordinated,Config 1 - Uncoordinated Charging,norm_w_sum,0.0
25,Config 1,Uncoordinated,Config 1 - Uncoordinated Charging,norm_w_sum,0.0
26,Config 1,Uncoordinated,Config 1 - Uncoordinated Charging,norm_w_sum,0.0
27,Config 1,Uncoordinated,Config 1 - Uncoordinated Charging,norm_w_sum,0.0
28,Config 1,Uncoordinated,Config 1 - Uncoordinated Charging,norm_w_sum,0.0
29,Config 1,Uncoordinated,Config 1 - Uncoordinated Charging,norm_w_sum,0.0
30,Config 1,Uncoordinated,Config 1 - Uncoordinated Charging,norm_w_sum,0.0
31,Config 1,Uncoordinated,Config 1 - Uncoordinated Charging,norm_w_sum,0.0
32,Config 1,Uncoordinated,Config 1 - Uncoordinated Charging,norm_w_sum,0.0
33,Config 1,Uncoordinated,Config 1 - Uncoordinated Charging,norm_w_sum,0.0
34,Config 1,Uncoordinated,Config 1 - Uncoordinated Charging,norm_w_sum,0.0
35,Config 1,Uncoordinated,Config 1 - Uncoordinated Charging,norm_w_sum,0.0
36,Config 1,Uncoordinated,Config 1 - Uncoordinated Charging,norm_w_sum,0.0
37,Config 1,Uncoordinated,Config 1 - Uncoordinated Charging,norm_w_sum,0.0
38,Config 1,Uncoordinated,Config 1 - Uncoordinated Charging,norm_w_sum,0.0
39,Config 1,Uncoordinated,Config 1 - Uncoordinated Charging,norm_w_sum,0.0
40,Config 1,Uncoordinated,Config 1 - Uncoordinated Charging,norm_w_sum,0.0
41,Config 1,Uncoordinated,Config 1 - Uncoordinated Charging,norm_w_sum,0.0
42,Config 1,Uncoordinated,Config 1 - Uncoordinated Charging,norm_w_sum,0.0
43,Config 1,Uncoordinated,Config 1 - Uncoordinated Charging,norm_w_sum,0.0
44,Config 1,Uncoordinated,Config 1 - Uncoordinated Charging,norm_w_sum,0.0
45,Config 1,Uncoordinated,Config 1 - Uncoordinated Charging,norm_w_sum,0.0
46,Config 1,Uncoordinated,Config 1 - Uncoordinated Charging,norm_w_sum,0.0
47,Config 1,Uncoordinated,Config 1 - Uncoordinated Charging,norm_w_sum,0.0
48,Config 1,Uncoordinated,Config 1 - Uncoordinated Charging,norm_w_sum,0.0
49,Config 1,Uncoordinated,Config 1 - Uncoordinated Charging,norm_w_sum,0.0
50,Config 1,Uncoordinated,Config 1 - Uncoordinated Charging,norm_w_sum,0.0
51,Config 1,Uncoordinated,Config 1 - Uncoordinated Charging,norm_w_sum,0.0
52,Config 1,Uncoordinated,Config 1 - Uncoordinated Charging,norm_w_sum,0.0
53,Config 1,Uncoordinated,Config 1 - Uncoordinated Charging,norm_w_sum,0.0
54,Config 1,Uncoordinated,Config 1 - Uncoordinated Charging,norm_w_sum,0.0
55,Config 1,Uncoordinated,Config 1 - Uncoordinated Charging,norm_w_sum,0.0
56,Config 1,Uncoordinated,Config 1 - Uncoordinated Charging,norm_w_sum,0.0
57,Config 1,Uncoordinated,Config 1 - Uncoordinated Charging,norm_w_sum,0.0
58,Config 1,Uncoordinated,Config 1 - Uncoordinated Charging,norm_w_sum,0.0
59,Config 1,Uncoordinated,Config 1 - Uncoordinated Charging,norm_w_sum,0.0
60,Config 1,Uncoordinated,Config 1 - Uncoordinated Charging,norm_w_sum,0.0
61,Config 1,Uncoordinated,Config 1 - Uncoordinated Charging,norm_w_sum,0.0
62,Config 1,Uncoordinated,Config 1 - Uncoordinated Charging,norm_w_sum,0.0
63,Config 1,Uncoordinated,Config 1 - Uncoordinated Charging,norm_w_sum,0.0
64,Config 1,Uncoordinated,Config 1 - Uncoordinated Charging,norm_w_sum,0.0
65,Config 1,Uncoordinated,Config 1 - Uncoordinated Charging,norm_w_sum,0.0
66,Config 1,Uncoordinated,Config 1 - Uncoordinated Charging,norm_w_sum,0.0
67,Config 1,Uncoordinated,Config 1 - Uncoordinated Charging,norm_w_sum,0.0
68,Config 1,Uncoordinated,Config 1 - Uncoordinated Charging,norm_w_sum,0.0
69,Config 1,Uncoordinated,Config 1 - Uncoordinated Charging,norm_w_sum,0.0
70,Config 1,Uncoordinated,Config 1 - Uncoordinated Charging,norm_w_sum,0.0
71,Config 1,Uncoordinated,Config 1 - Uncoordinated Charging,norm_w_sum,0.0
72,Config 1,Uncoordinated,Config 1 - Uncoordinated Charging,norm_w_sum,0.0
73,Config 1,Uncoordinated,Config 1 - Uncoordinated Charging,norm_w_sum,0.0
74,Config 1,Uncoordinated,Config 1 - Uncoordinated Charging,norm_w_sum,0.0
75,Config 1,Uncoordinated,Config 1 - Uncoordinated Charging,norm_w_sum,0.0
76,Config 1,Uncoordinated,Config 1 - Uncoordinated Charging,norm_w_sum,0.0
77,Config 1,Uncoordinated,Config 1 - Uncoordinated Charging,norm_w_sum,0.0
78,Config 1,Uncoordinated,Config 1 - Uncoordinated Charging,norm_w_sum,0.0
79,Config 1,Uncoordinated,Config 1 - Uncoordinated Charging,norm_w_sum,0.0
80,Config 1,Uncoordinated,Config 1 - Uncoordinated Charging,norm_w_sum,0.0
81,Config 1,Uncoordinated,Config 1 - Uncoordinated Charging,norm_w_sum,0.0
82,Config 1,Uncoordinated,Config 1 - Uncoordinated Charging,norm_w_sum,0.0
83,Config 1,Opportunistic,Config 1 - Opportunistic Charging,norm_w_sum,29.5
84,Config 1,Opportunistic,Config 1 - Opportunistic Charging,norm_w_sum,7.5
85,Config 1,Opportunistic,Config 1 - Opportunistic Charging,norm_w_sum,54.75
86,Config 1,Opportunistic,Config 1 - Opportunistic Charging,norm_w_sum,30.5
87,Config 1,Opportunistic,Config 1 - Opportunistic Charging,norm_w_sum,7.0
88,Config 1,Opportunistic,Config 1 - Opportunistic Charging,norm_w_sum,
89,Config 1,Opportunistic,Config 1 - Opportunistic Charging,norm_w_sum,
90,Config 1,Opportunistic,Config 1 - Opportunistic Charging,norm_w_sum,
91,Config 1,Opportunistic,Config 1 - Opportunistic Charging,norm_w_sum,4.0
92,Config 1,Opportunistic,Config 1 - Opportunistic Charging,norm_w_sum,3.75
93,Config 1,Opportunistic,Config 1 - Opportunistic Charging,norm_w_sum,5.75
94,Config 1,Opportunistic,Config 1 - Opportunistic Charging,norm_w_sum,5.75
95,Config 1,Opportunistic,Config 1 - Opportunistic Charging,norm_w_sum,6.5
96,Config 1,Opportunistic,Config 1 - Opportunistic Charging,norm_w_sum,
97,Config 1,Opportunistic,Config 1 - Opportunistic Charging,norm_w_sum,
98,Config 1,Opportunistic,Config 1 - Opportunistic Charging,norm_w_sum,25.75
99,Config 1,Opportunistic,Config 1 - Opportunistic Charging,norm_w_sum,2.75
100,Config 1,Opportunistic,Config 1 - Opportunistic Charging,norm_w_sum,4.75
101,Config 1,Opportunistic,Config 1 - Opportunistic Charging,norm_w_sum,1.0
102,Config 1,Opportunistic,Config 1 - Opportunistic Charging,norm_w_sum,3.75
103,Config 1,Opportunistic,Config 1 - Opportunistic Charging,norm_w_sum,
104,Config 1,Opportunistic,Config 1 - Opportunistic Charging,norm_w_sum,
105,Config 1,Opportunistic,Config 1 - Opportunistic Charging,norm_w_sum,4.0
106,Config 1,Opportunistic,Config 1 - Opportunistic Charging,norm_w_sum,7.0
107,Config 1,Opportunistic,Config 1 - Opportunistic Charging,norm_w_sum,2.25
108,Config 1,Opportunistic,Config 1 - Opportunistic Charging,norm_w_sum,7.75
109,Config 1,Opportunistic,Config 1 - Opportunistic Charging,norm_w_sum,4.5
110,Config 1,Opportunistic,Config 1 - Opportunistic Charging,norm_w_sum,8.5
111,Config 1,Opportunistic,Config 1 - Opportunistic Charging,norm_w_sum,0.25
112,Config 1,Opportunistic,Config 1 - Opportunistic Charging,norm_w_sum,0.25
113,Config 1,Opportunistic,Config 1 - Opportunistic Charging,norm_w_sum,
114,Config 1,Opportunistic,Config 1 - Opportunistic Charging,norm_w_sum,4.25
115,Config 1,Opportunistic,Config 1 - Opportunistic Charging,norm_w_sum,6.25
116,Config 1,Opportunistic,Config 1 - Opportunistic Charging,norm_w_sum,8.5
117,Config 1,Opportunistic,Config 1 - Opportunistic Charging,norm_w_sum,6.0
118,Config 1,Opportunistic,Config 1 - Opportunistic Charging,norm_w_sum,15.25
119,Config 1,Opportunistic,Config 1 - Opportunistic Charging,norm_w_sum,0.25
120,Config 1,Opportunistic,Config 1 - Opportunistic Charging,norm_w_sum,0.25
121,Config 1,Opportunistic,Config 1 - Opportunistic Charging,norm_w_sum,3.5
122,Config 1,Opportunistic,Config 1 - Opportunistic Charging,norm_w_sum,0.25
123,Config 1,Opportunistic,Config 1 - Opportunistic Charging,norm_w_sum,
124,Config 1,Opportunistic,Config 1 - Opportunistic Charging,norm_w_sum,1.0
125,Config 1,Opportunistic,Config 1 - Opportunistic Charging,norm_w_sum,5.0
126,Config 1,Opportunistic,Config 1 - Opportunistic Charging,norm_w_sum,5.75
127,Config 1,Opportunistic,Config 1 - Opportunistic Charging,norm_w_sum,5.5
128,Config 1,Opportunistic,Config 1 - Opportunistic Charging,norm_w_sum,5.5
129,Config 1,Opportunistic,Config 1 - Opportunistic Charging,norm_w_sum,0.25
130,Config 1,Opportunistic,Config 1 - Opportunistic Charging,norm_w_sum,5.25
131,Config 1,Opportunistic,Config 1 - Opportunistic Charging,norm_w_sum,
132,Config 1,Opportunistic,Config 1 - Opportunistic Charging,norm_w_sum,4.0
133,Config 1,Opportunistic,Config 1 - Opportunistic Charging,norm_w_sum,6.0
134,Config 1,Opportunistic,Config 1 - Opportunistic Charging,norm_w_sum,6.25
135,Config 1,Opportunistic,Config 1 - Opportunistic Charging,norm_w_sum,5.0
136,Config 1,Opportunistic,Config 1 - Opportunistic Charging,norm_w_sum,4.5
137,Config 1,Opportunistic,Config 1 - Opportunistic Charging,norm_w_sum,13.75
138,Config 1,Opportunistic,Config 1 - Opportunistic Charging,norm_w_sum,0.25
139,Config 1,Opportunistic,Config 1 - Opportunistic Charging,norm_w_sum,
140,Config 1,Opportunistic,Config 1 - Opportunistic Charging,norm_w_sum,5.0
141,Config 1,Opportunistic,Config 1 - Opportunistic Charging,norm_w_sum,7.0
142,Config 1,Opportunistic,Config 1 - Opportunistic Charging,norm_w_sum,5.75
143,Config 1,Opportunistic,Config 1 - Opportunistic Charging,norm_w_sum,6.25
144,Config 1,Opportunistic,Config 1 - Opportunistic Charging,norm_w_sum,6.5
145,Config 1,Opportunistic,Config 1 - Opportunistic Charging,norm_w_sum,0.25
146,Config 1,Opportunistic,Config 1 - Opportunistic Charging,norm_w_sum,11.25
147,Config 1,Opportunistic,Config 1 - Opportunistic Charging,norm_w_sum,
148,Config 1,Opportunistic,Config 1 - Opportunistic Charging,norm_w_sum,6.25
149,Config 1,Opportunistic,Config 1 - Opportunistic Charging,norm_w_sum,11.0
150,Config 1,Opportunistic,Config 1 - Opportunistic Charging,norm_w_sum,5.5
151,Config 1,Opportunistic,Config 1 - Opportunistic Charging,norm_w_sum,6.75
152,Config 1,Opportunistic,Config 1 - Opportunistic Charging,norm_w_sum,9.25
153,Config 1,Opportunistic,Config 1 - Opportunistic Charging,norm_w_sum,15.75
154,Config 1,Opportunistic,Config 1 - Opportunistic Charging,norm_w_sum,1.75
155,Config 1,Opportunistic,Config 1 - Opportunistic Charging,norm_w_sum,
156,Config 1,Opportunistic,Config 1 - Opportunistic Charging,norm_w_sum,5.5
157,Config 1,Opportunistic,Config 1 - Opportunistic Charging,norm_w_sum,5.75
158,Config 1,Opportunistic,Config 1 - Opportunistic Charging,norm_w_sum,12.5
159,Config 1,Opportunistic,Config 1 - Opportunistic Charging,norm_w_sum,29.0
160,Config 1,Opportunistic,Config 1 - Opportunistic Charging,norm_w_sum,7.5
161,Config 1,Opportunistic,Config 1 - Opportunistic Charging,norm_w_sum,17.75
162,Config 1,Opportunistic,Config 1 - Opportunistic Charging,norm_w_sum,11.25
163,Config 1,Opportunistic,Config 1 - Opportunistic Charging,norm_w_sum,
164,Config 1,Opportunistic,Config 1 - Opportunistic Charging,norm_w_sum,
165,Config 1,Opportunistic,Config 1 - Opportunistic Charging,norm_w_sum,
166,Config 1,Flexible,Config 1 - Flexible Charging,norm_w_sum,6.0
167,Config 1,Flexible,Config 1 - Flexible Charging,norm_w_sum,0.25
168,Config 1,Flexible,Config 1 - Flexible Charging,norm_w_sum,56.0
169,Config 1,Flexible,Config 1 - Flexible Charging,norm_w_sum,31.75
170,Config 1,Flexible,Config 1 - Flexible Charging,norm_w_sum,8.25
171,Config 1,Flexible,Config 1 - Flexible Charging,norm_w_sum,
172,Config 1,Flexible,Config 1 - Flexible Charging,norm_w_sum,
173,Config 1,Flexible,Config 1 - Flexible Charging,norm_w_sum,
174,Config 1,Flexible,Config 1 - Flexible Charging,norm_w_sum,5.5
175,Config 1,Flexible,Config 1 - Flexible Charging,norm_w_sum,0.25
176,Config 1,Flexible,Config 1 - Flexible Charging,norm_w_sum,6.0
177,Config 1,Flexible,Config 1 - Flexible Charging,norm_w_sum,3.25
178,Config 1,Flexible,Config 1 - Flexible Charging,norm_w_sum,
179,Config 1,Flexible,Config 1 - Flexible Charging,norm_w_sum,
180,Config 1,Flexible,Config 1 - Flexible Charging,norm_w_sum,
181,Config 1,Flexible,Config 1 - Flexible Charging,norm_w_sum,3.75
182,Config 1,Flexible,Config 1 - Flexible Charging,norm_w_sum,0.75
183,Config 1,Flexible,Config 1 - Flexible Charging,norm_w_sum,5.0
184,Config 1,Flexible,Config 1 - Flexible Charging,norm_w_sum,1.0
185,Config 1,Flexible,Config 1 - Flexible Charging,norm_w_sum,3.75
186,Config 1,Flexible,Config 1 - Flexible Charging,norm_w_sum,
187,Config 1,Flexible,Config 1 - Flexible Charging,norm_w_sum,
188,Config 1,Flexible,Config 1 - Flexible Charging,norm_w_sum,29.5
189,Config 1,Flexible,Config 1 - Flexible Charging,norm_w_sum,9.0
190,Config 1,Flexible,Config 1 - Flexible Charging,norm_w_sum,0.25
191,Config 1,Flexible,Config 1 - Flexible Charging,norm_w_sum,9.5
192,Config 1,Flexible,Config 1 - Flexible Charging,norm_w_sum,0.75
193,Config 1,Flexible,Config 1 - Flexible Charging,norm_w_sum,8.5
194,Config 1,Flexible,Config 1 - Flexible Charging,norm_w_sum,0.25
195,Config 1,Flexible,Config 1 - Flexible Charging,norm_w_sum,0.25
196,Config 1,Flexible,Config 1 - Flexible Charging,norm_w_sum,
197,Config 1,Flexible,Config 1 - Flexible Charging,norm_w_sum,5.75
198,Config 1,Flexible,Config 1 - Flexible Charging,norm_w_sum,0.25
199,Config 1,Flexible,Config 1 - Flexible Charging,norm_w_sum,8.75
200,Config 1,Flexible,Config 1 - Flexible Charging,norm_w_sum,0.25
201,Config 1,Flexible,Config 1 - Flexible Charging,norm_w_sum,16.5
202,Config 1,Flexible,Config 1 - Flexible Charging,norm_w_sum,0.25
203,Config 1,Flexible,Config 1 - Flexible Charging,norm_w_sum,0.25
204,Config 1,Flexible,Config 1 - Flexible Charging,norm_w_sum,3.5
205,Config 1,Flexible,Config 1 - Flexible Charging,norm_w_sum,0.25
206,Config 1,Flexible,Config 1 - Flexible Charging,norm_w_sum,
207,Config 1,Flexible,Config 1 - Flexible Charging,norm_w_sum,0.25
208,Config 1,Flexible,Config 1 - Flexible Charging,norm_w_sum,7.0
209,Config 1,Flexible,Config 1 - Flexible Charging,norm_w_sum,1.25
210,Config 1,Flexible,Config 1 - Flexible Charging,norm_w_sum,6.5
211,Config 1,Flexible,Config 1 - Flexible Charging,norm_w_sum,1.75
212,Config 1,Flexible,Config 1 - Flexible Charging,norm_w_sum,11.25
213,Config 1,Flexible,Config 1 - Flexible Charging,norm_w_sum,5.25
214,Config 1,Flexible,Config 1 - Flexible Charging,norm_w_sum,
215,Config 1,Flexible,Config 1 - Flexible Charging,norm_w_sum,0.25
216,Config 1,Flexible,Config 1 - Flexible Charging,norm_w_sum,6.5
217,Config 1,Flexible,Config 1 - Flexible Charging,norm_w_sum,1.75
218,Config 1,Flexible,Config 1 - Flexible Charging,norm_w_sum,6.5
219,Config 1,Flexible,Config 1 - Flexible Charging,norm_w_sum,0.75
220,Config 1,Flexible,Config 1 - Flexible Charging,norm_w_sum,13.75
221,Config 1,Flexible,Config 1 - Flexible Charging,norm_w_sum,0.25
222,Config 1,Flexible,Config 1 - Flexible Charging,norm_w_sum,
223,Config 1,Flexible,Config 1 - Flexible Charging,norm_w_sum,1.75
224,Config 1,Flexible,Config 1 - Flexible Charging,norm_w_sum,7.5
225,Config 1,Flexible,Config 1 - Flexible Charging,norm_w_sum,5.75
226,Config 1,Flexible,Config 1 - Flexible Charging,norm_w_sum,0.25
227,Config 1,Flexible,Config 1 - Flexible Charging,norm_w_sum,7.75
228,Config 1,Flexible,Config 1 - Flexible Charging,norm_w_sum,0.25
229,Config 1,Flexible,Config 1 - Flexible Charging,norm_w_sum,1.0
230,Config 1,Flexible,Config 1 - Flexible Charging,norm_w_sum,
231,Config 1,Flexible,Config 1 - Flexible Charging,norm_w_sum,3.0
232,Config 1,Flexible,Config 1 - Flexible Charging,norm_w_sum,11.5
233,Config 1,Flexible,Config 1 - Flexible Charging,norm_w_sum,1.0
234,Config 1,Flexible,Config 1 - Flexible Charging,norm_w_sum,8.5
235,Config 1,Flexible,Config 1 - Flexible Charging,norm_w_sum,0.25
236,Config 1,Flexible,Config 1 - Flexible Charging,norm_w_sum,15.75
237,Config 1,Flexible,Config 1 - Flexible Charging,norm_w_sum,1.75
238,Config 1,Flexible,Config 1 - Flexible Charging,norm_w_sum,
239,Config 1,Flexible,Config 1 - Flexible Charging,norm_w_sum,6.5
240,Config 1,Flexible,Config 1 - Flexible Charging,norm_w_sum,0.25
241,Config 1,Flexible,Config 1 - Flexible Charging,norm_w_sum,12.75
242,Config 1,Flexible,Config 1 - Flexible Charging,norm_w_sum,30.25
243,Config 1,Flexible,Config 1 - Flexible Charging,norm_w_sum,8.75
244,Config 1,Flexible,Config 1 - Flexible Charging,norm_w_sum,7.5
245,Config 1,Flexible,Config 1 - Flexible Charging,norm_w_sum,1.0
246,Config 1,Flexible,Config 1 - Flexible Charging,norm_w_sum,
247,Config 1,Flexible,Config 1 - Flexible Charging,norm_w_sum,
248,Config 1,Flexible,Config 1 - Flexible Charging,norm_w_sum,
249,Config 2,Uncoordinated,Config 2 - Uncoordinated Charging,norm_w_sum,0.0
250,Config 2,Uncoordinated,Config 2 - Uncoordinated Charging,norm_w_sum,0.25
251,Config 2,Uncoordinated,Config 2 - Uncoordinated Charging,norm_w_sum,0.25
252,Config 2,Uncoordinated,Config 2 - Uncoordinated Charging,norm_w_sum,0.25
253,Config 2,Uncoordinated,Config 2 - Uncoordinated Charging,norm_w_sum,0.25
254,Config 2,Uncoordinated,Config 2 - Uncoordinated Charging,norm_w_sum,0.25
255,Config 2,Uncoordinated,Config 2 - Uncoordinated Charging,norm_w_sum,0.0
256,Config 2,Uncoordinated,Config 2 - Uncoordinated Charging,norm_w_sum,0.25
257,Config 2,Uncoordinated,Config 2 - Uncoordinated Charging,norm_w_sum,1.25
258,Config 2,Uncoordinated,Config 2 - Uncoordinated Charging,norm_w_sum,0.25
259,Config 2,Uncoordinated,Config 2 - Uncoordinated Charging,norm_w_sum,0.25
260,Config 2,Uncoordinated,Config 2 - Uncoordinated Charging,norm_w_sum,0.25
261,Config 2,Uncoordinated,Config 2 - Uncoordinated Charging,norm_w_sum,0.25
262,Config 2,Uncoordinated,Config 2 - Uncoordinated Charging,norm_w_sum,0.25
263,Config 2,Uncoordinated,Config 2 - Uncoordinated Charging,norm_w_sum,0.25
264,Config 2,Uncoordinated,Config 2 - Uncoordinated Charging,norm_w_sum,1.0
265,Config 2,Uncoordinated,Config 2 - Uncoordinated Charging,norm_w_sum,0.25
266,Config 2,Uncoordinated,Config 2 - Uncoordinated Charging,norm_w_sum,0.75
267,Config 2,Uncoordinated,Config 2 - Uncoordinated Charging,norm_w_sum,19.25
268,Config 2,Uncoordinated,Config 2 - Uncoordinated Charging,norm_w_sum,0.0
269,Config 2,Uncoordinated,Config 2 - Uncoordinated Charging,norm_w_sum,0.25
270,Config 2,Uncoordinated,Config 2 - Uncoordinated Charging,norm_w_sum,0.25
271,Config 2,Uncoordinated,Config 2 - Uncoordinated Charging,norm_w_sum,2.0
272,Config 2,Uncoordinated,Config 2 - Uncoordinated Charging,norm_w_sum,0.25
273,Config 2,Uncoordinated,Config 2 - Uncoordinated Charging,norm_w_sum,0.25
274,Config 2,Uncoordinated,Config 2 - Uncoordinated Charging,norm_w_sum,0.25
275,Config 2,Uncoordinated,Config 2 - Uncoordinated Charging,norm_w_sum,0.25
276,Config 2,Uncoordinated,Config 2 - Uncoordinated Charging,norm_w_sum,0.25
277,Config 2,Uncoordinated,Config 2 - Uncoordinated Charging,norm_w_sum,0.25
278,Config 2,Uncoordinated,Config 2 - Uncoordinated Charging,norm_w_sum,0.5
279,Config 2,Uncoordinated,Config 2 - Uncoordinated Charging,norm_w_sum,0.0
280,Config 2,Uncoordinated,Config 2 - Uncoordinated Charging,norm_w_sum,0.0
281,Config 2,Uncoordinated,Config 2 - Uncoordinated Charging,norm_w_sum,0.25
282,Config 2,Uncoordinated,Config 2 - Uncoordinated Charging,norm_w_sum,0.25
283,Config 2,Uncoordinated,Config 2 - Uncoordinated Charging,norm_w_sum,0.25
284,Config 2,Uncoordinated,Config 2 - Uncoordinated Charging,norm_w_sum,0.25
285,Config 2,Uncoordinated,Config 2 - Uncoordinated Charging,norm_w_sum,0.25
286,Config 2,Uncoordinated,Config 2 - Uncoordinated Charging,norm_w_sum,0.25
287,Config 2,Uncoordinated,Config 2 - Uncoordinated Charging,norm_w_sum,0.0
288,Config 2,Uncoordinated,Config 2 - Uncoordinated Charging,norm_w_sum,0.25
289,Config 2,Uncoordinated,Config 2 - Uncoordinated Charging,norm_w_sum,0.0
290,Config 2,Uncoordinated,Config 2 - Uncoordinated Charging,norm_w_sum,5.25
291,Config 2,Uncoordinated,Config 2 - Uncoordinated Charging,norm_w_sum,0.0
292,Config 2,Uncoordinated,Config 2 - Uncoordinated Charging,norm_w_sum,0.25
293,Config 2,Uncoordinated,Config 2 - Uncoordinated Charging,norm_w_sum,0.25
294,Config 2,Uncoordinated,Config 2 - Uncoordinated Charging,norm_w_sum,0.25
295,Config 2,Uncoordinated,Config 2 - Uncoordinated Charging,norm_w_sum,0.25
296,Config 2,Uncoordinated,Config 2 - Uncoordinated Charging,norm_w_sum,0.0
297,Config 2,Uncoordinated,Config 2 - Uncoordinated Charging,norm_w_sum,0.25
298,Config 2,Uncoordinated,Config 2 - Uncoordinated Charging,norm_w_sum,0.0
299,Config 2,Uncoordinated,Config 2 - Uncoordinated Charging,norm_w_sum,0.25
300,Config 2,Uncoordinated,Config 2 - Uncoordinated Charging,norm_w_sum,0.25
301,Config 2,Uncoordinated,Config 2 - Uncoordinated Charging,norm_w_sum,0.75
302,Config 2,Uncoordinated,Config 2 - Uncoordinated Charging,norm_w_sum,0.25
303,Config 2,Uncoordinated,Config 2 - Uncoordinated Charging,norm_w_sum,0.25
304,Config 2,Uncoordinated,Config 2 - Uncoordinated Charging,norm_w_sum,0.25
305,Config 2,Uncoordinated,Config 2 - Uncoordinated Charging,norm_w_sum,0.0
306,Config 2,Uncoordinated,Config 2 - Uncoordinated Charging,norm_w_sum,0.25
307,Config 2,Uncoordinated,Config 2 - Uncoordinated Charging,norm_w_sum,0.25
308,Config 2,Uncoordinated,Config 2 - Uncoordinated Charging,norm_w_sum,0.25
309,Config 2,Uncoordinated,Config 2 - Uncoordinated Charging,norm_w_sum,0.25
310,Config 2,Uncoordinated,Config 2 - Uncoordinated Charging,norm_w_sum,0.25
311,Config 2,Uncoordinated,Config 2 - Uncoordinated Charging,norm_w_sum,0.25
312,Config 2,Uncoordinated,Config 2 - Uncoordinated Charging,norm_w_sum,0.0
313,Config 2,Uncoordinated,Config 2 - Uncoordinated Charging,norm_w_sum,0.25
314,Config 2,Uncoordinated,Config 2 - Uncoordinated Charging,norm_w_sum,0.0
315,Config 2,Uncoordinated,Config 2 - Uncoordinated Charging,norm_w_sum,0.25
316,Config 2,Uncoordinated,Config 2 - Uncoordinated Charging,norm_w_sum,0.25
317,Config 2,Uncoordinated,Config 2 - Uncoordinated Charging,norm_w_sum,0.25
318,Config 2,Uncoordinated,Config 2 - Uncoordinated Charging,norm_w_sum,0.25
319,Config 2,Uncoordinated,Config 2 - Uncoordinated Charging,norm_w_sum,0.25
320,Config 2,Uncoordinated,Config 2 - Uncoordinated Charging,norm_w_sum,0.25
321,Config 2,Uncoordinated,Config 2 - Uncoordinated Charging,norm_w_sum,0.25
322,Config 2,Uncoordinated,Config 2 - Uncoordinated Charging,norm_w_sum,0.0
323,Config 2,Uncoordinated,Config 2 - Uncoordinated Charging,norm_w_sum,0.5
324,Config 2,Uncoordinated,Config 2 - Uncoordinated Charging,norm_w_sum,0.25
325,Config 2,Uncoordinated,Config 2 - Uncoordinated Charging,norm_w_sum,0.75
326,Config 2,Uncoordinated,Config 2 - Uncoordinated Charging,norm_w_sum,0.25
327,Config 2,Uncoordinated,Config 2 - Uncoordinated Charging,norm_w_sum,0.25
328,Config 2,Uncoordinated,Config 2 - Uncoordinated Charging,norm_w_sum,0.25
329,Config 2,Uncoordinated,Config 2 - Uncoordinated Charging,norm_w_sum,0.25
330,Config 2,Uncoordinated,Config 2 - Uncoordinated Charging,norm_w_sum,0.25
331,Config 2,Uncoordinated,Config 2 - Uncoordinated Charging,norm_w_sum,0.0
332,Config 2,Opportunistic,Config 2 - Opportunistic Charging,norm_w_sum,7.5
333,Config 2,Opportunistic,Config 2 - Opportunistic Charging,norm_w_sum,7.25
334,Config 2,Opportunistic,Config 2 - Opportunistic Charging,norm_w_sum,56.75
335,Config 2,Opportunistic,Config 2 - Opportunistic Charging,norm_w_sum,32.5
336,Config 2,Opportunistic,Config 2 - Opportunistic Charging,norm_w_sum,9.0
337,Config 2,Opportunistic,Config 2 - Opportunistic Charging,norm_w_sum,
338,Config 2,Opportunistic,Config 2 - Opportunistic Charging,norm_w_sum,
339,Config 2,Opportunistic,Config 2 - Opportunistic Charging,norm_w_sum,
340,Config 2,Opportunistic,Config 2 - Opportunistic Charging,norm_w_sum,4.75
341,Config 2,Opportunistic,Config 2 - Opportunistic Charging,norm_w_sum,2.0
342,Config 2,Opportunistic,Config 2 - Opportunistic Charging,norm_w_sum,29.0
343,Config 2,Opportunistic,Config 2 - Opportunistic Charging,norm_w_sum,5.75
344,Config 2,Opportunistic,Config 2 - Opportunistic Charging,norm_w_sum,
345,Config 2,Opportunistic,Config 2 - Opportunistic Charging,norm_w_sum,
346,Config 2,Opportunistic,Config 2 - Opportunistic Charging,norm_w_sum,
347,Config 2,Opportunistic,Config 2 - Opportunistic Charging,norm_w_sum,5.5
348,Config 2,Opportunistic,Config 2 - Opportunistic Charging,norm_w_sum,2.5
349,Config 2,Opportunistic,Config 2 - Opportunistic Charging,norm_w_sum,3.75
350,Config 2,Opportunistic,Config 2 - Opportunistic Charging,norm_w_sum,1.5
351,Config 2,Opportunistic,Config 2 - Opportunistic Charging,norm_w_sum,2.0
352,Config 2,Opportunistic,Config 2 - Opportunistic Charging,norm_w_sum,
353,Config 2,Opportunistic,Config 2 - Opportunistic Charging,norm_w_sum,
354,Config 2,Opportunistic,Config 2 - Opportunistic Charging,norm_w_sum,2.25
355,Config 2,Opportunistic,Config 2 - Opportunistic Charging,norm_w_sum,6.0
356,Config 2,Opportunistic,Config 2 - Opportunistic Charging,norm_w_sum,2.75
357,Config 2,Opportunistic,Config 2 - Opportunistic Charging,norm_w_sum,14.25
358,Config 2,Opportunistic,Config 2 - Opportunistic Charging,norm_w_sum,4.25
359,Config 2,Opportunistic,Config 2 - Opportunistic Charging,norm_w_sum,8.5
360,Config 2,Opportunistic,Config 2 - Opportunistic Charging,norm_w_sum,0.25
361,Config 2,Opportunistic,Config 2 - Opportunistic Charging,norm_w_sum,0.25
362,Config 2,Opportunistic,Config 2 - Opportunistic Charging,norm_w_sum,
363,Config 2,Opportunistic,Config 2 - Opportunistic Charging,norm_w_sum,8.25
364,Config 2,Opportunistic,Config 2 - Opportunistic Charging,norm_w_sum,11.5
365,Config 2,Opportunistic,Config 2 - Opportunistic Charging,norm_w_sum,9.75
366,Config 2,Opportunistic,Config 2 - Opportunistic Charging,norm_w_sum,5.25
367,Config 2,Opportunistic,Config 2 - Opportunistic Charging,norm_w_sum,13.5
368,Config 2,Opportunistic,Config 2 - Opportunistic Charging,norm_w_sum,0.25
369,Config 2,Opportunistic,Config 2 - Opportunistic Charging,norm_w_sum,0.25
370,Config 2,Opportunistic,Config 2 - Opportunistic Charging,norm_w_sum,4.25
371,Config 2,Opportunistic,Config 2 - Opportunistic Charging,norm_w_sum,0.25
372,Config 2,Opportunistic,Config 2 - Opportunistic Charging,norm_w_sum,
373,Config 2,Opportunistic,Config 2 - Opportunistic Charging,norm_w_sum,0.25
374,Config 2,Opportunistic,Config 2 - Opportunistic Charging,norm_w_sum,8.5
375,Config 2,Opportunistic,Config 2 - Opportunistic Charging,norm_w_sum,8.0
376,Config 2,Opportunistic,Config 2 - Opportunistic Charging,norm_w_sum,4.75
377,Config 2,Opportunistic,Config 2 - Opportunistic Charging,norm_w_sum,11.25
378,Config 2,Opportunistic,Config 2 - Opportunistic Charging,norm_w_sum,0.25
379,Config 2,Opportunistic,Config 2 - Opportunistic Charging,norm_w_sum,5.25
380,Config 2,Opportunistic,Config 2 - Opportunistic Charging,norm_w_sum,
381,Config 2,Opportunistic,Config 2 - Opportunistic Charging,norm_w_sum,3.25
382,Config 2,Opportunistic,Config 2 - Opportunistic Charging,norm_w_sum,4.75
383,Config 2,Opportunistic,Config 2 - Opportunistic Charging,norm_w_sum,8.75
384,Config 2,Opportunistic,Config 2 - Opportunistic Charging,norm_w_sum,7.0
385,Config 2,Opportunistic,Config 2 - Opportunistic Charging,norm_w_sum,4.25
386,Config 2,Opportunistic,Config 2 - Opportunistic Charging,norm_w_sum,13.75
387,Config 2,Opportunistic,Config 2 - Opportunistic Charging,norm_w_sum,0.25
388,Config 2,Opportunistic,Config 2 - Opportunistic Charging,norm_w_sum,
389,Config 2,Opportunistic,Config 2 - Opportunistic Charging,norm_w_sum,1.25
390,Config 2,Opportunistic,Config 2 - Opportunistic Charging,norm_w_sum,10.5
391,Config 2,Opportunistic,Config 2 - Opportunistic Charging,norm_w_sum,10.25
392,Config 2,Opportunistic,Config 2 - Opportunistic Charging,norm_w_sum,11.5
393,Config 2,Opportunistic,Config 2 - Opportunistic Charging,norm_w_sum,13.25
394,Config 2,Opportunistic,Config 2 - Opportunistic Charging,norm_w_sum,0.25
395,Config 2,Opportunistic,Config 2 - Opportunistic Charging,norm_w_sum,14.0
396,Config 2,Opportunistic,Config 2 - Opportunistic Charging,norm_w_sum,
397,Config 2,Opportunistic,Config 2 - Opportunistic Charging,norm_w_sum,6.75
398,Config 2,Opportunistic,Config 2 - Opportunistic Charging,norm_w_sum,12.0
399,Config 2,Opportunistic,Config 2 - Opportunistic Charging,norm_w_sum,5.0
400,Config 2,Opportunistic,Config 2 - Opportunistic Charging,norm_w_sum,10.25
401,Config 2,Opportunistic,Config 2 - Opportunistic Charging,norm_w_sum,12.25
402,Config 2,Opportunistic,Config 2 - Opportunistic Charging,norm_w_sum,18.25
403,Config 2,Opportunistic,Config 2 - Opportunistic Charging,norm_w_sum,1.75
404,Config 2,Opportunistic,Config 2 - Opportunistic Charging,norm_w_sum,
405,Config 2,Opportunistic,Config 2 - Opportunistic Charging,norm_w_sum,4.75
406,Config 2,Opportunistic,Config 2 - Opportunistic Charging,norm_w_sum,29.75
407,Config 2,Opportunistic,Config 2 - Opportunistic Charging,norm_w_sum,12.25
408,Config 2,Opportunistic,Config 2 - Opportunistic Charging,norm_w_sum,29.0
409,Config 2,Opportunistic,Config 2 - Opportunistic Charging,norm_w_sum,7.5
410,Config 2,Opportunistic,Config 2 - Opportunistic Charging,norm_w_sum,17.75
411,Config 2,Opportunistic,Config 2 - Opportunistic Charging,norm_w_sum,11.25
412,Config 2,Opportunistic,Config 2 - Opportunistic Charging,norm_w_sum,
413,Config 2,Opportunistic,Config 2 - Opportunistic Charging,norm_w_sum,
414,Config 2,Opportunistic,Config 2 - Opportunistic Charging,norm_w_sum,
415,Config 2,Flexible,Config 2 - Flexible Charging,norm_w_sum,6.0
416,Config 2,Flexible,Config 2 - Flexible Charging,norm_w_sum,5.75
417,Config 2,Flexible,Config 2 - Flexible Charging,norm_w_sum,56.0
418,Config 2,Flexible,Config 2 - Flexible Charging,norm_w_sum,31.75
419,Config 2,Flexible,Config 2 - Flexible Charging,norm_w_sum,8.25
420,Config 2,Flexible,Config 2 - Flexible Charging,norm_w_sum,
421,Config 2,Flexible,Config 2 - Flexible Charging,norm_w_sum,
422,Config 2,Flexible,Config 2 - Flexible Charging,norm_w_sum,
423,Config 2,Flexible,Config 2 - Flexible Charging,norm_w_sum,5.5
424,Config 2,Flexible,Config 2 - Flexible Charging,norm_w_sum,1.75
425,Config 2,Flexible,Config 2 - Flexible Charging,norm_w_sum,6.0
426,Config 2,Flexible,Config 2 - Flexible Charging,norm_w_sum,5.75
427,Config 2,Flexible,Config 2 - Flexible Charging,norm_w_sum,
428,Config 2,Flexible,Config 2 - Flexible Charging,norm_w_sum,
429,Config 2,Flexible,Config 2 - Flexible Charging,norm_w_sum,
430,Config 2,Flexible,Config 2 - Flexible Charging,norm_w_sum,3.75
431,Config 2,Flexible,Config 2 - Flexible Charging,norm_w_sum,28.75
432,Config 2,Flexible,Config 2 - Flexible Charging,norm_w_sum,5.0
433,Config 2,Flexible,Config 2 - Flexible Charging,norm_w_sum,24.25
434,Config 2,Flexible,Config 2 - Flexible Charging,norm_w_sum,5.0
435,Config 2,Flexible,Config 2 - Flexible Charging,norm_w_sum,
436,Config 2,Flexible,Config 2 - Flexible Charging,norm_w_sum,
437,Config 2,Flexible,Config 2 - Flexible Charging,norm_w_sum,0.5
438,Config 2,Flexible,Config 2 - Flexible Charging,norm_w_sum,12.25
439,Config 2,Flexible,Config 2 - Flexible Charging,norm_w_sum,0.25
440,Config 2,Flexible,Config 2 - Flexible Charging,norm_w_sum,14.0
441,Config 2,Flexible,Config 2 - Flexible Charging,norm_w_sum,0.75
442,Config 2,Flexible,Config 2 - Flexible Charging,norm_w_sum,8.5
443,Config 2,Flexible,Config 2 - Flexible Charging,norm_w_sum,0.25
444,Config 2,Flexible,Config 2 - Flexible Charging,norm_w_sum,0.25
445,Config 2,Flexible,Config 2 - Flexible Charging,norm_w_sum,
446,Config 2,Flexible,Config 2 - Flexible Charging,norm_w_sum,0.25
447,Config 2,Flexible,Config 2 - Flexible Charging,norm_w_sum,32.25
448,Config 2,Flexible,Config 2 - Flexible Charging,norm_w_sum,8.75
449,Config 2,Flexible,Config 2 - Flexible Charging,norm_w_sum,0.25
450,Config 2,Flexible,Config 2 - Flexible Charging,norm_w_sum,16.5
451,Config 2,Flexible,Config 2 - Flexible Charging,norm_w_sum,0.25
452,Config 2,Flexible,Config 2 - Flexible Charging,norm_w_sum,0.25
453,Config 2,Flexible,Config 2 - Flexible Charging,norm_w_sum,3.5
454,Config 2,Flexible,Config 2 - Flexible Charging,norm_w_sum,0.25
455,Config 2,Flexible,Config 2 - Flexible Charging,norm_w_sum,
456,Config 2,Flexible,Config 2 - Flexible Charging,norm_w_sum,0.25
457,Config 2,Flexible,Config 2 - Flexible Charging,norm_w_sum,7.5
458,Config 2,Flexible,Config 2 - Flexible Charging,norm_w_sum,1.25
459,Config 2,Flexible,Config 2 - Flexible Charging,norm_w_sum,7.5
460,Config 2,Flexible,Config 2 - Flexible Charging,norm_w_sum,1.75
461,Config 2,Flexible,Config 2 - Flexible Charging,norm_w_sum,11.25
462,Config 2,Flexible,Config 2 - Flexible Charging,norm_w_sum,5.25
463,Config 2,Flexible,Config 2 - Flexible Charging,norm_w_sum,
464,Config 2,Flexible,Config 2 - Flexible Charging,norm_w_sum,0.25
465,Config 2,Flexible,Config 2 - Flexible Charging,norm_w_sum,6.5
466,Config 2,Flexible,Config 2 - Flexible Charging,norm_w_sum,1.75
467,Config 2,Flexible,Config 2 - Flexible Charging,norm_w_sum,6.5
468,Config 2,Flexible,Config 2 - Flexible Charging,norm_w_sum,0.75
469,Config 2,Flexible,Config 2 - Flexible Charging,norm_w_sum,13.75
470,Config 2,Flexible,Config 2 - Flexible Charging,norm_w_sum,0.25
471,Config 2,Flexible,Config 2 - Flexible Charging,norm_w_sum,
472,Config 2,Flexible,Config 2 - Flexible Charging,norm_w_sum,8.5
473,Config 2,Flexible,Config 2 - Flexible Charging,norm_w_sum,0.25
474,Config 2,Flexible,Config 2 - Flexible Charging,norm_w_sum,9.5
475,Config 2,Flexible,Config 2 - Flexible Charging,norm_w_sum,0.25
476,Config 2,Flexible,Config 2 - Flexible Charging,norm_w_sum,12.25
477,Config 2,Flexible,Config 2 - Flexible Charging,norm_w_sum,0.25
478,Config 2,Flexible,Config 2 - Flexible Charging,norm_w_sum,1.0
479,Config 2,Flexible,Config 2 - Flexible Charging,norm_w_sum,
480,Config 2,Flexible,Config 2 - Flexible Charging,norm_w_sum,1.5
481,Config 2,Flexible,Config 2 - Flexible Charging,norm_w_sum,11.5
482,Config 2,Flexible,Config 2 - Flexible Charging,norm_w_sum,1.0
483,Config 2,Flexible,Config 2 - Flexible Charging,norm_w_sum,8.5
484,Config 2,Flexible,Config 2 - Flexible Charging,norm_w_sum,0.25
485,Config 2,Flexible,Config 2 - Flexible Charging,norm_w_sum,18.25
486,Config 2,Flexible,Config 2 - Flexible Charging,norm_w_sum,1.75
487,Config 2,Flexible,Config 2 - Flexible Charging,norm_w_sum,
488,Config 2,Flexible,Config 2 - Flexible Charging,norm_w_sum,6.5
489,Config 2,Flexible,Config 2 - Flexible Charging,norm_w_sum,0.25
490,Config 2,Flexible,Config 2 - Flexible Charging,norm_w_sum,12.75
491,Config 2,Flexible,Config 2 - Flexible Charging,norm_w_sum,30.25
492,Config 2,Flexible,Config 2 - Flexible Charging,norm_w_sum,8.75
493,Config 2,Flexible,Config 2 - Flexible Charging,norm_w_sum,7.5
494,Config 2,Flexible,Config 2 - Flexible Charging,norm_w_sum,1.0
495,Config 2,Flexible,Config 2 - Flexible Charging,norm_w_sum,
496,Config 2,Flexible,Config 2 - Flexible Charging,norm_w_sum,
497,Config 2,Flexible,Config 2 - Flexible Charging,norm_w_sum,
498,Config 3,Uncoordinated,Config 3 - Uncoordinated Charging,norm_w_sum,0.0
499,Config 3,Uncoordinated,Config 3 - Uncoordinated Charging,norm_w_sum,0.25
500,Config 3,Uncoordinated,Config 3 - Uncoordinated Charging,norm_w_sum,0.25
501,Config 3,Uncoordinated,Config 3 - Uncoordinated Charging,norm_w_sum,0.25
502,Config 3,Uncoordinated,Config 3 - Uncoordinated Charging,norm_w_sum,0.25
503,Config 3,Uncoordinated,Config 3 - Uncoordinated Charging,norm_w_sum,0.25
504,Config 3,Uncoordinated,Config 3 - Uncoordinated Charging,norm_w_sum,2.75
505,Config 3,Uncoordinated,Config 3 - Uncoordinated Charging,norm_w_sum,1.25
506,Config 3,Uncoordinated,Config 3 - Uncoordinated Charging,norm_w_sum,1.25
507,Config 3,Uncoordinated,Config 3 - Uncoordinated Charging,norm_w_sum,1.25
508,Config 3,Uncoordinated,Config 3 - Uncoordinated Charging,norm_w_sum,0.25
509,Config 3,Uncoordinated,Config 3 - Uncoordinated Charging,norm_w_sum,1.25
510,Config 3,Uncoordinated,Config 3 - Uncoordinated Charging,norm_w_sum,0.25
511,Config 3,Uncoordinated,Config 3 - Uncoordinated Charging,norm_w_sum,0.75
512,Config 3,Uncoordinated,Config 3 - Uncoordinated Charging,norm_w_sum,0.25
513,Config 3,Uncoordinated,Config 3 - Uncoordinated Charging,norm_w_sum,0.25
514,Config 3,Uncoordinated,Config 3 - Uncoordinated Charging,norm_w_sum,1.5
515,Config 3,Uncoordinated,Config 3 - Uncoordinated Charging,norm_w_sum,0.25
516,Config 3,Uncoordinated,Config 3 - Uncoordinated Charging,norm_w_sum,19.25
517,Config 3,Uncoordinated,Config 3 - Uncoordinated Charging,norm_w_sum,0.0
518,Config 3,Uncoordinated,Config 3 - Uncoordinated Charging,norm_w_sum,2.25
519,Config 3,Uncoordinated,Config 3 - Uncoordinated Charging,norm_w_sum,0.25
520,Config 3,Uncoordinated,Config 3 - Uncoordinated Charging,norm_w_sum,2.75
521,Config 3,Uncoordinated,Config 3 - Uncoordinated Charging,norm_w_sum,0.25
522,Config 3,Uncoordinated,Config 3 - Uncoordinated Charging,norm_w_sum,0.25
523,Config 3,Uncoordinated,Config 3 - Uncoordinated Charging,norm_w_sum,0.25
524,Config 3,Uncoordinated,Config 3 - Uncoordinated Charging,norm_w_sum,0.25
525,Config 3,Uncoordinated,Config 3 - Uncoordinated Charging,norm_w_sum,0.25
526,Config 3,Uncoordinated,Config 3 - Uncoordinated Charging,norm_w_sum,0.25
527,Config 3,Uncoordinated,Config 3 - Uncoordinated Charging,norm_w_sum,0.75
528,Config 3,Uncoordinated,Config 3 - Uncoordinated Charging,norm_w_sum,
529,Config 3,Uncoordinated,Config 3 - Uncoordinated Charging,norm_w_sum,0.0
530,Config 3,Uncoordinated,Config 3 - Uncoordinated Charging,norm_w_sum,1.5
531,Config 3,Uncoordinated,Config 3 - Uncoordinated Charging,norm_w_sum,0.25
532,Config 3,Uncoordinated,Config 3 - Uncoordinated Charging,norm_w_sum,0.5
533,Config 3,Uncoordinated,Config 3 - Uncoordinated Charging,norm_w_sum,0.25
534,Config 3,Uncoordinated,Config 3 - Uncoordinated Charging,norm_w_sum,0.25
535,Config 3,Uncoordinated,Config 3 - Uncoordinated Charging,norm_w_sum,0.25
536,Config 3,Uncoordinated,Config 3 - Uncoordinated Charging,norm_w_sum,0.0
537,Config 3,Uncoordinated,Config 3 - Uncoordinated Charging,norm_w_sum,0.25
538,Config 3,Uncoordinated,Config 3 - Uncoordinated Charging,norm_w_sum,0.0
539,Config 3,Uncoordinated,Config 3 - Uncoordinated Charging,norm_w_sum,0.0
540,Config 3,Uncoordinated,Config 3 - Uncoordinated Charging,norm_w_sum,1.25
541,Config 3,Uncoordinated,Config 3 - Uncoordinated Charging,norm_w_sum,0.25
542,Config 3,Uncoordinated,Config 3 - Uncoordinated Charging,norm_w_sum,0.25
543,Config 3,Uncoordinated,Config 3 - Uncoordinated Charging,norm_w_sum,1.25
544,Config 3,Uncoordinated,Config 3 - Uncoordinated Charging,norm_w_sum,0.25
545,Config 3,Uncoordinated,Config 3 - Uncoordinated Charging,norm_w_sum,0.0
546,Config 3,Uncoordinated,Config 3 - Uncoordinated Charging,norm_w_sum,0.25
547,Config 3,Uncoordinated,Config 3 - Uncoordinated Charging,norm_w_sum,0.0
548,Config 3,Uncoordinated,Config 3 - Uncoordinated Charging,norm_w_sum,0.0
549,Config 3,Uncoordinated,Config 3 - Uncoordinated Charging,norm_w_sum,0.25
550,Config 3,Uncoordinated,Config 3 - Uncoordinated Charging,norm_w_sum,0.25
551,Config 3,Uncoordinated,Config 3 - Uncoordinated Charging,norm_w_sum,0.25
552,Config 3,Uncoordinated,Config 3 - Uncoordinated Charging,norm_w_sum,0.25
553,Config 3,Uncoordinated,Config 3 - Uncoordinated Charging,norm_w_sum,0.25
554,Config 3,Uncoordinated,Config 3 - Uncoordinated Charging,norm_w_sum,0.0
555,Config 3,Uncoordinated,Config 3 - Uncoordinated Charging,norm_w_sum,0.25
556,Config 3,Uncoordinated,Config 3 - Uncoordinated Charging,norm_w_sum,0.25
557,Config 3,Uncoordinated,Config 3 - Uncoordinated Charging,norm_w_sum,2.0
558,Config 3,Uncoordinated,Config 3 - Uncoordinated Charging,norm_w_sum,0.25
559,Config 3,Uncoordinated,Config 3 - Uncoordinated Charging,norm_w_sum,2.25
560,Config 3,Uncoordinated,Config 3 - Uncoordinated Charging,norm_w_sum,0.25
561,Config 3,Uncoordinated,Config 3 - Uncoordinated Charging,norm_w_sum,1.0
562,Config 3,Uncoordinated,Config 3 - Uncoordinated Charging,norm_w_sum,0.25
563,Config 3,Uncoordinated,Config 3 - Uncoordinated Charging,norm_w_sum,0.0
564,Config 3,Uncoordinated,Config 3 - Uncoordinated Charging,norm_w_sum,0.25
565,Config 3,Uncoordinated,Config 3 - Uncoordinated Charging,norm_w_sum,0.25
566,Config 3,Uncoordinated,Config 3 - Uncoordinated Charging,norm_w_sum,0.25
567,Config 3,Uncoordinated,Config 3 - Uncoordinated Charging,norm_w_sum,0.25
568,Config 3,Uncoordinated,Config 3 - Uncoordinated Charging,norm_w_sum,0.25
569,Config 3,Uncoordinated,Config 3 - Uncoordinated Charging,norm_w_sum,0.25
570,Config 3,Uncoordinated,Config 3 - Uncoordinated Charging,norm_w_sum,0.25
571,Config 3,Uncoordinated,Config 3 - Uncoordinated Charging,norm_w_sum,0.0
572,Config 3,Uncoordinated,Config 3 - Uncoordinated Charging,norm_w_sum,0.0
573,Config 3,Uncoordinated,Config 3 - Uncoordinated Charging,norm_w_sum,0.25
574,Config 3,Uncoordinated,Config 3 - Uncoordinated Charging,norm_w_sum,0.25
575,Config 3,Uncoordinated,Config 3 - Uncoordinated Charging,norm_w_sum,0.25
576,Config 3,Uncoordinated,Config 3 - Uncoordinated Charging,norm_w_sum,0.25
577,Config 3,Uncoordinated,Config 3 - Uncoordinated Charging,norm_w_sum,0.25
578,Config 3,Uncoordinated,Config 3 - Uncoordinated Charging,norm_w_sum,0.25
579,Config 3,Uncoordinated,Config 3 - Uncoordinated Charging,norm_w_sum,0.25
580,Config 3,Uncoordinated,Config 3 - Uncoordinated Charging,norm_w_sum,0.0
581,Config 3,Opportunistic,Config 3 - Opportunistic Charging,norm_w_sum,3.0
582,Config 3,Opportunistic,Config 3 - Opportunistic Charging,norm_w_sum,80.75
583,Config 3,Opportunistic,Config 3 - Opportunistic Charging,norm_w_sum,56.75
584,Config 3,Opportunistic,Config 3 - Opportunistic Charging,norm_w_sum,32.5
585,Config 3,Opportunistic,Config 3 - Opportunistic Charging,norm_w_sum,9.0
586,Config 3,Opportunistic,Config 3 - Opportunistic Charging,norm_w_sum,
587,Config 3,Opportunistic,Config 3 - Opportunistic Charging,norm_w_sum,
588,Config 3,Opportunistic,Config 3 - Opportunistic Charging,norm_w_sum,
589,Config 3,Opportunistic,Config 3 - Opportunistic Charging,norm_w_sum,6.25
590,Config 3,Opportunistic,Config 3 - Opportunistic Charging,norm_w_sum,6.5
591,Config 3,Opportunistic,Config 3 - Opportunistic Charging,norm_w_sum,2.25
592,Config 3,Opportunistic,Config 3 - Opportunistic Charging,norm_w_sum,9.75
593,Config 3,Opportunistic,Config 3 - Opportunistic Charging,norm_w_sum,
594,Config 3,Opportunistic,Config 3 - Opportunistic Charging,norm_w_sum,
595,Config 3,Opportunistic,Config 3 - Opportunistic Charging,norm_w_sum,
596,Config 3,Opportunistic,Config 3 - Opportunistic Charging,norm_w_sum,7.0
597,Config 3,Opportunistic,Config 3 - Opportunistic Charging,norm_w_sum,2.75
598,Config 3,Opportunistic,Config 3 - Opportunistic Charging,norm_w_sum,0.25
599,Config 3,Opportunistic,Config 3 - Opportunistic Charging,norm_w_sum,1.0
600,Config 3,Opportunistic,Config 3 - Opportunistic Charging,norm_w_sum,3.0
601,Config 3,Opportunistic,Config 3 - Opportunistic Charging,norm_w_sum,
602,Config 3,Opportunistic,Config 3 - Opportunistic Charging,norm_w_sum,
603,Config 3,Opportunistic,Config 3 - Opportunistic Charging,norm_w_sum,7.25
604,Config 3,Opportunistic,Config 3 - Opportunistic Charging,norm_w_sum,12.75
605,Config 3,Opportunistic,Config 3 - Opportunistic Charging,norm_w_sum,0.25
606,Config 3,Opportunistic,Config 3 - Opportunistic Charging,norm_w_sum,7.5
607,Config 3,Opportunistic,Config 3 - Opportunistic Charging,norm_w_sum,11.75
608,Config 3,Opportunistic,Config 3 - Opportunistic Charging,norm_w_sum,3.25
609,Config 3,Opportunistic,Config 3 - Opportunistic Charging,norm_w_sum,0.25
610,Config 3,Opportunistic,Config 3 - Opportunistic Charging,norm_w_sum,0.75
611,Config 3,Opportunistic,Config 3 - Opportunistic Charging,norm_w_sum,
612,Config 3,Opportunistic,Config 3 - Opportunistic Charging,norm_w_sum,2.5
613,Config 3,Opportunistic,Config 3 - Opportunistic Charging,norm_w_sum,6.0
614,Config 3,Opportunistic,Config 3 - Opportunistic Charging,norm_w_sum,11.0
615,Config 3,Opportunistic,Config 3 - Opportunistic Charging,norm_w_sum,10.25
616,Config 3,Opportunistic,Config 3 - Opportunistic Charging,norm_w_sum,15.25
617,Config 3,Opportunistic,Config 3 - Opportunistic Charging,norm_w_sum,0.25
618,Config 3,Opportunistic,Config 3 - Opportunistic Charging,norm_w_sum,0.25
619,Config 3,Opportunistic,Config 3 - Opportunistic Charging,norm_w_sum,4.0
620,Config 3,Opportunistic,Config 3 - Opportunistic Charging,norm_w_sum,0.25
621,Config 3,Opportunistic,Config 3 - Opportunistic Charging,norm_w_sum,
622,Config 3,Opportunistic,Config 3 - Opportunistic Charging,norm_w_sum,6.25
623,Config 3,Opportunistic,Config 3 - Opportunistic Charging,norm_w_sum,5.0
624,Config 3,Opportunistic,Config 3 - Opportunistic Charging,norm_w_sum,5.75
625,Config 3,Opportunistic,Config 3 - Opportunistic Charging,norm_w_sum,5.5
626,Config 3,Opportunistic,Config 3 - Opportunistic Charging,norm_w_sum,3.75
627,Config 3,Opportunistic,Config 3 - Opportunistic Charging,norm_w_sum,0.25
628,Config 3,Opportunistic,Config 3 - Opportunistic Charging,norm_w_sum,5.25
629,Config 3,Opportunistic,Config 3 - Opportunistic Charging,norm_w_sum,
630,Config 3,Opportunistic,Config 3 - Opportunistic Charging,norm_w_sum,4.0
631,Config 3,Opportunistic,Config 3 - Opportunistic Charging,norm_w_sum,6.0
632,Config 3,Opportunistic,Config 3 - Opportunistic Charging,norm_w_sum,6.25
633,Config 3,Opportunistic,Config 3 - Opportunistic Charging,norm_w_sum,5.0
634,Config 3,Opportunistic,Config 3 - Opportunistic Charging,norm_w_sum,4.5
635,Config 3,Opportunistic,Config 3 - Opportunistic Charging,norm_w_sum,13.75
636,Config 3,Opportunistic,Config 3 - Opportunistic Charging,norm_w_sum,0.25
637,Config 3,Opportunistic,Config 3 - Opportunistic Charging,norm_w_sum,
638,Config 3,Opportunistic,Config 3 - Opportunistic Charging,norm_w_sum,1.75
639,Config 3,Opportunistic,Config 3 - Opportunistic Charging,norm_w_sum,3.75
640,Config 3,Opportunistic,Config 3 - Opportunistic Charging,norm_w_sum,8.75
641,Config 3,Opportunistic,Config 3 - Opportunistic Charging,norm_w_sum,5.75
642,Config 3,Opportunistic,Config 3 - Opportunistic Charging,norm_w_sum,6.5
643,Config 3,Opportunistic,Config 3 - Opportunistic Charging,norm_w_sum,0.25
644,Config 3,Opportunistic,Config 3 - Opportunistic Charging,norm_w_sum,11.25
645,Config 3,Opportunistic,Config 3 - Opportunistic Charging,norm_w_sum,
646,Config 3,Opportunistic,Config 3 - Opportunistic Charging,norm_w_sum,6.25
647,Config 3,Opportunistic,Config 3 - Opportunistic Charging,norm_w_sum,11.0
648,Config 3,Opportunistic,Config 3 - Opportunistic Charging,norm_w_sum,5.5
649,Config 3,Opportunistic,Config 3 - Opportunistic Charging,norm_w_sum,6.75
650,Config 3,Opportunistic,Config 3 - Opportunistic Charging,norm_w_sum,9.25
651,Config 3,Opportunistic,Config 3 - Opportunistic Charging,norm_w_sum,15.75
652,Config 3,Opportunistic,Config 3 - Opportunistic Charging,norm_w_sum,1.75
653,Config 3,Opportunistic,Config 3 - Opportunistic Charging,norm_w_sum,
654,Config 3,Opportunistic,Config 3 - Opportunistic Charging,norm_w_sum,1.5
655,Config 3,Opportunistic,Config 3 - Opportunistic Charging,norm_w_sum,30.0
656,Config 3,Opportunistic,Config 3 - Opportunistic Charging,norm_w_sum,12.5
657,Config 3,Opportunistic,Config 3 - Opportunistic Charging,norm_w_sum,32.0
658,Config 3,Opportunistic,Config 3 - Opportunistic Charging,norm_w_sum,10.5
659,Config 3,Opportunistic,Config 3 - Opportunistic Charging,norm_w_sum,17.75
660,Config 3,Opportunistic,Config 3 - Opportunistic Charging,norm_w_sum,11.25
661,Config 3,Opportunistic,Config 3 - Opportunistic Charging,norm_w_sum,
662,Config 3,Opportunistic,Config 3 - Opportunistic Charging,norm_w_sum,
663,Config 3,Opportunistic,Config 3 - Opportunistic Charging,norm_w_sum,
664,Config 3,Flexible,Config 3 - Flexible Charging,norm_w_sum,6.0
665,Config 3,Flexible,Config 3 - Flexible Charging,norm_w_sum,0.25
666,Config 3,Flexible,Config 3 - Flexible Charging,norm_w_sum,13.5
667,Config 3,Flexible,Config 3 - Flexible Charging,norm_w_sum,0.25
668,Config 3,Flexible,Config 3 - Flexible Charging,norm_w_sum,8.25
669,Config 3,Flexible,Config 3 - Flexible Charging,norm_w_sum,
670,Config 3,Flexible,Config 3 - Flexible Charging,norm_w_sum,
671,Config 3,Flexible,Config 3 - Flexible Charging,norm_w_sum,
672,Config 3,Flexible,Config 3 - Flexible Charging,norm_w_sum,5.5
673,Config 3,Flexible,Config 3 - Flexible Charging,norm_w_sum,0.25
674,Config 3,Flexible,Config 3 - Flexible Charging,norm_w_sum,6.0
675,Config 3,Flexible,Config 3 - Flexible Charging,norm_w_sum,36.25
676,Config 3,Flexible,Config 3 - Flexible Charging,norm_w_sum,13.25
677,Config 3,Flexible,Config 3 - Flexible Charging,norm_w_sum,
678,Config 3,Flexible,Config 3 - Flexible Charging,norm_w_sum,
679,Config 3,Flexible,Config 3 - Flexible Charging,norm_w_sum,7.0
680,Config 3,Flexible,Config 3 - Flexible Charging,norm_w_sum,1.75
681,Config 3,Flexible,Config 3 - Flexible Charging,norm_w_sum,5.0
682,Config 3,Flexible,Config 3 - Flexible Charging,norm_w_sum,3.75
683,Config 3,Flexible,Config 3 - Flexible Charging,norm_w_sum,2.5
684,Config 3,Flexible,Config 3 - Flexible Charging,norm_w_sum,
685,Config 3,Flexible,Config 3 - Flexible Charging,norm_w_sum,
686,Config 3,Flexible,Config 3 - Flexible Charging,norm_w_sum,29.5
687,Config 3,Flexible,Config 3 - Flexible Charging,norm_w_sum,9.0
688,Config 3,Flexible,Config 3 - Flexible Charging,norm_w_sum,0.25
689,Config 3,Flexible,Config 3 - Flexible Charging,norm_w_sum,9.5
690,Config 3,Flexible,Config 3 - Flexible Charging,norm_w_sum,0.75
691,Config 3,Flexible,Config 3 - Flexible Charging,norm_w_sum,5.25
692,Config 3,Flexible,Config 3 - Flexible Charging,norm_w_sum,0.25
693,Config 3,Flexible,Config 3 - Flexible Charging,norm_w_sum,0.75
694,Config 3,Flexible,Config 3 - Flexible Charging,norm_w_sum,
695,Config 3,Flexible,Config 3 - Flexible Charging,norm_w_sum,0.25
696,Config 3,Flexible,Config 3 - Flexible Charging,norm_w_sum,12.25
697,Config 3,Flexible,Config 3 - Flexible Charging,norm_w_sum,1.25
698,Config 3,Flexible,Config 3 - Flexible Charging,norm_w_sum,31.5
699,Config 3,Flexible,Config 3 - Flexible Charging,norm_w_sum,16.5
700,Config 3,Flexible,Config 3 - Flexible Charging,norm_w_sum,0.25
701,Config 3,Flexible,Config 3 - Flexible Charging,norm_w_sum,0.25
702,Config 3,Flexible,Config 3 - Flexible Charging,norm_w_sum,4.5
703,Config 3,Flexible,Config 3 - Flexible Charging,norm_w_sum,0.25
704,Config 3,Flexible,Config 3 - Flexible Charging,norm_w_sum,
705,Config 3,Flexible,Config 3 - Flexible Charging,norm_w_sum,0.25
706,Config 3,Flexible,Config 3 - Flexible Charging,norm_w_sum,7.0
707,Config 3,Flexible,Config 3 - Flexible Charging,norm_w_sum,1.25
708,Config 3,Flexible,Config 3 - Flexible Charging,norm_w_sum,6.5
709,Config 3,Flexible,Config 3 - Flexible Charging,norm_w_sum,0.25
710,Config 3,Flexible,Config 3 - Flexible Charging,norm_w_sum,11.25
711,Config 3,Flexible,Config 3 - Flexible Charging,norm_w_sum,5.25
712,Config 3,Flexible,Config 3 - Flexible Charging,norm_w_sum,
713,Config 3,Flexible,Config 3 - Flexible Charging,norm_w_sum,0.25
714,Config 3,Flexible,Config 3 - Flexible Charging,norm_w_sum,6.5
715,Config 3,Flexible,Config 3 - Flexible Charging,norm_w_sum,1.75
716,Config 3,Flexible,Config 3 - Flexible Charging,norm_w_sum,6.5
717,Config 3,Flexible,Config 3 - Flexible Charging,norm_w_sum,0.75
718,Config 3,Flexible,Config 3 - Flexible Charging,norm_w_sum,13.75
719,Config 3,Flexible,Config 3 - Flexible Charging,norm_w_sum,0.25
720,Config 3,Flexible,Config 3 - Flexible Charging,norm_w_sum,
721,Config 3,Flexible,Config 3 - Flexible Charging,norm_w_sum,6.75
722,Config 3,Flexible,Config 3 - Flexible Charging,norm_w_sum,0.25
723,Config 3,Flexible,Config 3 - Flexible Charging,norm_w_sum,6.0
724,Config 3,Flexible,Config 3 - Flexible Charging,norm_w_sum,0.25
725,Config 3,Flexible,Config 3 - Flexible Charging,norm_w_sum,7.75
726,Config 3,Flexible,Config 3 - Flexible Charging,norm_w_sum,0.25
727,Config 3,Flexible,Config 3 - Flexible Charging,norm_w_sum,1.0
728,Config 3,Flexible,Config 3 - Flexible Charging,norm_w_sum,
729,Config 3,Flexible,Config 3 - Flexible Charging,norm_w_sum,3.0
730,Config 3,Flexible,Config 3 - Flexible Charging,norm_w_sum,11.5
731,Config 3,Flexible,Config 3 - Flexible Charging,norm_w_sum,1.0
732,Config 3,Flexible,Config 3 - Flexible Charging,norm_w_sum,8.5
733,Config 3,Flexible,Config 3 - Flexible Charging,norm_w_sum,0.25
734,Config 3,Flexible,Config 3 - Flexible Charging,norm_w_sum,15.75
735,Config 3,Flexible,Config 3 - Flexible Charging,norm_w_sum,1.75
736,Config 3,Flexible,Config 3 - Flexible Charging,norm_w_sum,
737,Config 3,Flexible,Config 3 - Flexible Charging,norm_w_sum,6.5
738,Config 3,Flexible,Config 3 - Flexible Charging,norm_w_sum,0.25
739,Config 3,Flexible,Config 3 - Flexible Charging,norm_w_sum,12.75
740,Config 3,Flexible,Config 3 - Flexible Charging,norm_w_sum,30.25
741,Config 3,Flexible,Config 3 - Flexible Charging,norm_w_sum,8.75
742,Config 3,Flexible,Config 3 - Flexible Charging,norm_w_sum,7.5
743,Config 3,Flexible,Config 3 - Flexible Charging,norm_w_sum,1.0
744,Config 3,Flexible,Config 3 - Flexible Charging,norm_w_sum,
745,Config 3,Flexible,Config 3 - Flexible Charging,norm_w_sum,
746,Config 3,Flexible,Config 3 - Flexible Charging,norm_w_sum,
